{"v":"5.5.7","meta":{"g":"LottieFiles AE 0.1.20","a":"","k":"","d":"","tc":""},"fr":29.9700012207031,"ip":0,"op":390.000015885026,"w":1600,"h":1200,"nm":"User Experience 4","ddd":0,"assets":[],"layers":[{"ddd":0,"ind":1,"ty":4,"nm":"Image","parent":2,"sr":1,"ks":{"o":{"a":0,"k":100,"ix":11},"r":{"a":0,"k":0,"ix":10},"p":{"a":1,"k":[{"i":{"x":0.75,"y":0.75},"o":{"x":0.25,"y":0.25},"t":90,"s":[323.327,38.772,0],"to":null,"ti":null},{"t":270.000010997325,"s":[323.327,38.772,0]}],"ix":2},"a":{"a":0,"k":[0,0,0],"ix":1},"s":{"a":0,"k":[100,100,100],"ix":6}},"ao":0,"shapes":[{"ty":"gr","it":[{"d":1,"ty":"el","s":{"a":0,"k":[45,45],"ix":2},"p":{"a":0,"k":[0,0],"ix":3},"nm":"Ellipse Path 1","mn":"ADBE Vector Shape - Ellipse","hd":false,"_render":true},{"ty":"st","c":{"a":0,"k":[0,0,0,1],"ix":3},"o":{"a":0,"k":100,"ix":4},"w":{"a":0,"k":2.014,"ix":5},"lc":1,"lj":1,"ml":4,"bm":0,"nm":"Stroke 1","mn":"ADBE Vector Graphic - Stroke","hd":false,"_render":true},{"ty":"fl","c":{"a":0,"k":[0.5137254901960784,0.7647058823529411,0.24705882352941178,1],"ix":4},"o":{"a":0,"k":100,"ix":5},"r":1,"bm":0,"nm":"Fill 1","mn":"ADBE Vector Graphic - Fill","hd":false,"_render":true},{"ty":"tr","p":{"a":0,"k":[-313.158,-61.615],"ix":2},"a":{"a":0,"k":[0,0],"ix":1},"s":{"a":1,"k":[{"i":{"x":[0,0],"y":[1,1]},"o":{"x":[0.167,0.167],"y":[0,0]},"t":50,"s":[0,0],"__fnct":[null,null]},{"i":{"x":[0,0],"y":[1,1]},"o":{"x":[0.167,0.167],"y":[0,0]},"t":80,"s":[100,100],"__fnct":[null,null]},{"i":{"x":[0.833,0.833],"y":[1,1]},"o":{"x":[1,1],"y":[0,0]},"t":270,"s":[100,100]},{"t":300.00001221925,"s":[0,0]}],"ix":3},"r":{"a":0,"k":0,"ix":6},"o":{"a":0,"k":100,"ix":7},"sk":{"a":0,"k":0,"ix":4},"sa":{"a":0,"k":0,"ix":5},"nm":"Transform","_render":true}],"nm":"Ellipse 1","np":3,"cix":2,"bm":0,"ix":1,"mn":"ADBE Vector Group","hd":false,"_render":true},{"ty":"gr","it":[{"ind":0,"ty":"sh","ix":1,"ks":{"a":0,"k":{"i":[[-368.095,-54.349],[-421.47,11.782],[-327.395,12.836]],"o":[[-368.095,-54.349],[-421.47,11.782],[-327.395,12.836]],"v":[[-368.095,-54.349],[-421.47,11.782],[-327.395,12.836]],"c":true},"ix":2},"nm":"Path 1","mn":"ADBE Vector Shape - Group","hd":false,"_render":true},{"ty":"rd","nm":"Round Corners 1","r":{"a":0,"k":10,"ix":1},"ix":2,"mn":"ADBE Vector Filter - RC","hd":false,"_render":true},{"ty":"st","c":{"a":0,"k":[0,0,0,1],"ix":3},"o":{"a":0,"k":100,"ix":4},"w":{"a":0,"k":2.014,"ix":5},"lc":1,"lj":1,"ml":4,"bm":0,"nm":"Stroke 1","mn":"ADBE Vector Graphic - Stroke","hd":false,"_render":true},{"ty":"fl","c":{"a":0,"k":[0.5137254901960784,0.7647058823529411,0.24705882352941178,1],"ix":4},"o":{"a":0,"k":100,"ix":5},"r":1,"bm":0,"nm":"Fill 1","mn":"ADBE Vector Graphic - Fill","hd":false,"_render":true},{"ty":"tr","p":{"a":0,"k":[-311.38,30.556],"ix":2},"a":{"a":0,"k":[-374.452,13.662],"ix":1},"s":{"a":1,"k":[{"i":{"x":[0,0],"y":[1,1]},"o":{"x":[0.05,0.05],"y":[0,0]},"t":50,"s":[0,0],"__fnct":[null,null]},{"i":{"x":[0,0],"y":[1,1]},"o":{"x":[0.167,0.167],"y":[0,0]},"t":80,"s":[100,100],"__fnct":[null,null]},{"i":{"x":[0.95,0.95],"y":[1,1]},"o":{"x":[1,1],"y":[0,0]},"t":270,"s":[100,100]},{"t":300.00001221925,"s":[0,0]}],"ix":3},"r":{"a":0,"k":0,"ix":6},"o":{"a":0,"k":100,"ix":7},"sk":{"a":0,"k":0,"ix":4},"sa":{"a":0,"k":0,"ix":5},"nm":"Transform","_render":true}],"nm":"Shape 2","np":4,"cix":2,"bm":0,"ix":2,"mn":"ADBE Vector Group","hd":false,"_render":true},{"ty":"gr","it":[{"ind":0,"ty":"sh","ix":1,"ks":{"a":0,"k":{"i":[[-341.886,-48.215],[-406.271,28.565],[-302.34,29.101]],"o":[[-341.886,-48.215],[-406.271,28.565],[-302.34,29.101]],"v":[[-341.886,-48.215],[-406.271,28.565],[-302.34,29.101]],"c":true},"ix":2},"nm":"Path 1","mn":"ADBE Vector Shape - Group","hd":false,"_render":true},{"ty":"rd","nm":"Round Corners 1","r":{"a":0,"k":10,"ix":1},"ix":2,"mn":"ADBE Vector Filter - RC","hd":false,"_render":true},{"ty":"st","c":{"a":0,"k":[0,0,0,1],"ix":3},"o":{"a":0,"k":100,"ix":4},"w":{"a":0,"k":2.014,"ix":5},"lc":1,"lj":1,"ml":4,"bm":0,"nm":"Stroke 1","mn":"ADBE Vector Graphic - Stroke","hd":false,"_render":true},{"ty":"fl","c":{"a":0,"k":[0.8470588235294118,1,0.6823529411764706,1],"ix":4},"o":{"a":0,"k":100,"ix":5},"r":1,"bm":0,"nm":"Fill 1","mn":"ADBE Vector Graphic - Fill","hd":false,"_render":true},{"ty":"tr","p":{"a":0,"k":[-354.098,28.858],"ix":2},"a":{"a":0,"k":[-354.098,28.858],"ix":1},"s":{"a":1,"k":[{"i":{"x":[0,0],"y":[1,1]},"o":{"x":[0.05,0.05],"y":[0,0]},"t":50,"s":[0,0],"__fnct":[null,null]},{"i":{"x":[0,0],"y":[1,1]},"o":{"x":[0.167,0.167],"y":[0,0]},"t":80,"s":[100,100],"__fnct":[null,null]},{"i":{"x":[0.95,0.95],"y":[1,1]},"o":{"x":[1,1],"y":[0,0]},"t":270,"s":[100,100]},{"t":300.00001221925,"s":[0,0]}],"ix":3},"r":{"a":0,"k":0,"ix":6},"o":{"a":0,"k":100,"ix":7},"sk":{"a":0,"k":0,"ix":4},"sa":{"a":0,"k":0,"ix":5},"nm":"Transform","_render":true}],"nm":"Shape 1","np":4,"cix":2,"bm":0,"ix":3,"mn":"ADBE Vector Group","hd":false,"_render":true}],"ip":30.0000012219251,"op":360.000014663101,"st":30.0000012219251,"bm":0,"completed":true},{"ddd":0,"ind":2,"ty":4,"nm":"Display Screen","parent":3,"sr":1,"ks":{"o":{"a":0,"k":100,"ix":11},"r":{"a":0,"k":0,"ix":10},"p":{"a":1,"k":[{"i":{"x":0.75,"y":0.75},"o":{"x":0.25,"y":0.25},"t":90,"s":[0,0,0],"to":null,"ti":null},{"t":270.000010997325,"s":[0,0,0]}],"ix":2},"a":{"a":0,"k":[0,0,0],"ix":1},"s":{"a":1,"k":[{"i":{"x":[0,0,0],"y":[1,1,1]},"o":{"x":[0.05,0.05,0.05],"y":[0,0,0]},"t":40,"s":[0,0,100],"__fnct":[null,null,null]},{"i":{"x":[0,0,0],"y":[1,1,1]},"o":{"x":[0.167,0.167,0.167],"y":[0,0,0]},"t":70,"s":[100,100,100],"__fnct":[null,null,null]},{"i":{"x":[0.95,0.95,0.95],"y":[1,1,1]},"o":{"x":[1,1,1],"y":[0,0,0]},"t":280,"s":[100,100,100]},{"t":310.000012626559,"s":[0,0,100]}],"ix":6}},"ao":0,"shapes":[{"ty":"gr","it":[{"ind":0,"ty":"sh","ix":1,"ks":{"a":0,"k":{"i":[[53.174,68.764],[-73.68,68.764],[-79.92399999999999,65.729],[-57.404,-61.986],[-53.174,-68.764],[73.68,-68.764],[79.92399999999999,-65.73],[57.405,61.985]],"o":[[49.43,68.764],[-77.424,68.764],[-79.264,61.985],[-56.74400000000001,-65.73],[-49.43,-68.764],[77.424,-68.764],[79.264,-61.986],[56.745000000000005,65.729]],"v":[[49.43,68.764],[-73.68,68.764],[-79.264,61.985],[-57.404,-61.986],[-49.43,-68.764],[73.68,-68.764],[79.264,-61.986],[57.405,61.985]],"c":true},"ix":2},"nm":"Path 1","mn":"ADBE Vector Shape - Group","hd":false,"_render":true},{"ty":"st","c":{"a":0,"k":[0,0,0,1],"ix":3},"o":{"a":0,"k":100,"ix":4},"w":{"a":0,"k":1.652,"ix":5},"lc":1,"lj":1,"ml":10,"bm":0,"nm":"Stroke 1","mn":"ADBE Vector Graphic - Stroke","hd":false,"_render":true},{"ty":"fl","c":{"a":0,"k":[1,1,1,1],"ix":4},"o":{"a":0,"k":100,"ix":5},"r":1,"bm":0,"nm":"Fill 1","mn":"ADBE Vector Graphic - Fill","hd":false,"_render":true},{"ty":"tr","p":{"a":0,"k":[0,0],"ix":2},"a":{"a":0,"k":[0,0],"ix":1},"s":{"a":0,"k":[100,100],"ix":3},"r":{"a":0,"k":0,"ix":6},"o":{"a":0,"k":100,"ix":7},"sk":{"a":0,"k":0,"ix":4},"sa":{"a":0,"k":0,"ix":5},"nm":"Transform","_render":true}],"nm":"Group 1","np":3,"cix":2,"bm":0,"ix":1,"mn":"ADBE Vector Group","hd":false,"_render":true}],"ip":30.0000012219251,"op":360.000014663101,"st":30.0000012219251,"bm":0,"completed":true},{"ddd":0,"ind":3,"ty":4,"nm":"Display Bottom","parent":10,"sr":1,"ks":{"o":{"a":0,"k":100,"ix":11},"r":{"a":0,"k":0,"ix":10},"p":{"a":1,"k":[{"i":{"x":0.75,"y":1},"o":{"x":0.25,"y":0},"t":90,"s":[770.069,531.542,0],"to":null,"ti":null},{"i":{"x":0.75,"y":1},"o":{"x":0.25,"y":0},"t":154,"s":[832.069,448.542,0],"to":null,"ti":null},{"t":270.000010997325,"s":[770.069,531.542,0]}],"ix":2},"a":{"a":0,"k":[0,0,0],"ix":1},"s":{"a":1,"k":[{"i":{"x":[0,0,0],"y":[1,1,1]},"o":{"x":[0.05,0.05,0.05],"y":[0,0,0]},"t":30,"s":[0,0,100],"__fnct":[null,null,null]},{"i":{"x":[0,0,0],"y":[1,1,1]},"o":{"x":[0.05,0.05,0.05],"y":[0,0,0]},"t":60,"s":[200,200,100],"__fnct":[null,null,null]},{"i":{"x":[0.95,0.95,0.95],"y":[1,1,1]},"o":{"x":[1,1,1],"y":[0,0,0]},"t":290,"s":[200,200,100]},{"t":320.000013033867,"s":[0,0,100]}],"ix":6}},"ao":0,"ef":[{"ty":25,"nm":"Drop Shadow","np":8,"mn":"ADBE Drop Shadow","ix":1,"en":1,"ef":[{"ty":2,"nm":"Shadow Color","mn":"ADBE Drop Shadow-0001","ix":1,"v":{"a":0,"k":[0,0,0,1],"ix":1}},{"ty":0,"nm":"Opacity","mn":"ADBE Drop Shadow-0002","ix":2,"v":{"a":0,"k":127.5,"ix":2}},{"ty":0,"nm":"Direction","mn":"ADBE Drop Shadow-0003","ix":3,"v":{"a":0,"k":135,"ix":3}},{"ty":0,"nm":"Distance","mn":"ADBE Drop Shadow-0004","ix":4,"v":{"a":0,"k":48,"ix":4}},{"ty":0,"nm":"Softness","mn":"ADBE Drop Shadow-0005","ix":5,"v":{"a":0,"k":87,"ix":5}},{"ty":7,"nm":"Shadow Only","mn":"ADBE Drop Shadow-0006","ix":6,"v":{"a":0,"k":0,"ix":6}}]}],"shapes":[{"ty":"gr","it":[{"ind":0,"ty":"sh","ix":1,"ks":{"a":0,"k":{"i":[[61.760999999999996,79.869],[-85.579,79.869],[-92.83099999999999,76.34400000000001],[-66.675,-71.996],[-61.760999999999996,-79.869],[85.579,-79.869],[92.83099999999999,-76.344],[66.675,71.995]],"o":[[57.413,79.869],[-89.928,79.869],[-92.064,71.995],[-65.908,-76.344],[-57.413,-79.869],[89.928,-79.869],[92.064,-71.996],[65.908,76.34400000000001]],"v":[[57.413,79.869],[-85.579,79.869],[-92.064,71.995],[-66.675,-71.996],[-57.413,-79.869],[85.579,-79.869],[92.064,-71.996],[66.675,71.995]],"c":true},"ix":2},"nm":"Path 1","mn":"ADBE Vector Shape - Group","hd":false,"_render":true},{"ty":"st","c":{"a":0,"k":[0,0,0,1],"ix":3},"o":{"a":0,"k":100,"ix":4},"w":{"a":0,"k":2.045,"ix":5},"lc":2,"lj":2,"bm":0,"nm":"Stroke 1","mn":"ADBE Vector Graphic - Stroke","hd":false,"_render":true},{"ty":"fl","c":{"a":0,"k":[0.5137254901960784,0.7647058823529411,0.24705882352941178,1],"ix":4},"o":{"a":0,"k":100,"ix":5},"r":1,"bm":0,"nm":"Fill 1","mn":"ADBE Vector Graphic - Fill","hd":false,"_render":true},{"ty":"tr","p":{"a":0,"k":[0,0],"ix":2},"a":{"a":0,"k":[0,0],"ix":1},"s":{"a":0,"k":[100,100],"ix":3},"r":{"a":0,"k":0,"ix":6},"o":{"a":0,"k":100,"ix":7},"sk":{"a":0,"k":0,"ix":4},"sa":{"a":0,"k":0,"ix":5},"nm":"Transform","_render":true}],"nm":"Group 1","np":3,"cix":2,"bm":0,"ix":1,"mn":"ADBE Vector Group","hd":false,"_render":true},{"ty":"gr","it":[{"ty":"rc","d":1,"s":{"a":0,"k":[451.5,355.5],"ix":2},"p":{"a":0,"k":[0,0],"ix":3},"r":{"a":0,"k":0,"ix":4},"nm":"Rectangle Path 1","mn":"ADBE Vector Shape - Rect","hd":false,"_render":true},{"ty":"fl","c":{"a":0,"k":[0.5137254901960784,0.7647058823529411,0.24705882352941178,1],"ix":4},"o":{"a":0,"k":0,"ix":5},"r":1,"bm":0,"nm":"Fill 1","mn":"ADBE Vector Graphic - Fill","hd":false,"_render":true},{"ty":"tr","p":{"a":0,"k":[28.501,-0.892],"ix":2},"a":{"a":0,"k":[0,0],"ix":1},"s":{"a":0,"k":[143.854,130.38],"ix":3},"r":{"a":0,"k":0,"ix":6},"o":{"a":0,"k":100,"ix":7},"sk":{"a":0,"k":0,"ix":4},"sa":{"a":0,"k":0,"ix":5},"nm":"Transform","_render":true}],"nm":"Rectangle 1","np":3,"cix":2,"bm":0,"ix":2,"mn":"ADBE Vector Group","hd":false,"_render":true}],"ip":30.0000012219251,"op":360.000014663101,"st":30.0000012219251,"bm":0,"completed":true},{"ddd":0,"ind":4,"ty":4,"nm":"User","parent":10,"sr":1,"ks":{"o":{"a":0,"k":100,"ix":11},"r":{"a":0,"k":0,"ix":10},"p":{"a":1,"k":[{"i":{"x":0.75,"y":1},"o":{"x":0.25,"y":0},"t":90,"s":[553.3,269.499,0],"to":null,"ti":null},{"i":{"x":0.75,"y":1},"o":{"x":0.25,"y":0},"t":206,"s":[447.3,277.499,0],"to":null,"ti":null},{"t":270.000010997325,"s":[553.3,269.499,0]}],"ix":2},"a":{"a":0,"k":[368.574,431.836,0],"ix":1},"s":{"a":0,"k":[200,200,100],"ix":6}},"ao":0,"shapes":[{"ty":"gr","it":[{"ty":"gr","it":[{"ind":0,"ty":"sh","ix":1,"ks":{"a":0,"k":{"i":[[5.2059999999999995,-2.62],[1.7840000000000003,4.744],[-5.2059999999999995,2.62],[-1.7840000000000003,-4.744]],"o":[[4.282,2.62],[-3.456,4.744],[-4.282,-2.62],[3.456,-4.744]],"v":[[4.744,0],[-0.836,4.744],[-4.744,0],[0.836,-4.744]],"c":true},"ix":2},"nm":"Path 1","mn":"ADBE Vector Shape - Group","hd":false,"_render":true},{"ty":"st","c":{"a":0,"k":[0,0,0,1],"ix":3},"o":{"a":0,"k":100,"ix":4},"w":{"a":0,"k":1.652,"ix":5},"lc":1,"lj":1,"ml":10,"bm":0,"nm":"Stroke 1","mn":"ADBE Vector Graphic - Stroke","hd":false,"_render":true},{"ty":"fl","c":{"a":0,"k":[1,1,1,1],"ix":4},"o":{"a":0,"k":100,"ix":5},"r":1,"bm":0,"nm":"Fill 1","mn":"ADBE Vector Graphic - Fill","hd":false,"_render":true},{"ty":"tr","p":{"a":0,"k":[364.399,421.661],"ix":2},"a":{"a":0,"k":[0,0],"ix":1},"s":{"a":0,"k":[100,100],"ix":3},"r":{"a":0,"k":0,"ix":6},"o":{"a":0,"k":100,"ix":7},"sk":{"a":0,"k":0,"ix":4},"sa":{"a":0,"k":0,"ix":5},"nm":"Transform","_render":true}],"nm":"Group 1","np":3,"cix":2,"bm":0,"ix":1,"mn":"ADBE Vector Group","hd":false,"_render":true},{"ty":"gr","it":[{"ind":0,"ty":"sh","ix":1,"ks":{"a":0,"k":{"i":[[9.364,5.134],[10.182,4.765],[7.06,-5.134],[-8.91,-0.9610000000000003],[-10.098,5.134]],"o":[[9.792000000000002,5.134],[10.753,-0.9610000000000003],[-3.7459999999999996,-5.134],[-10.359,4.765],[-9.67,5.134]],"v":[[9.364,5.134],[10.225,4.338],[1.657,-5.134],[-10.251,4.338],[-9.67,5.134]],"c":true},"ix":2},"nm":"Path 1","mn":"ADBE Vector Shape - Group","hd":false,"_render":true},{"ty":"st","c":{"a":0,"k":[0,0,0,1],"ix":3},"o":{"a":0,"k":100,"ix":4},"w":{"a":0,"k":1.652,"ix":5},"lc":1,"lj":1,"ml":10,"bm":0,"nm":"Stroke 1","mn":"ADBE Vector Graphic - Stroke","hd":false,"_render":true},{"ty":"fl","c":{"a":0,"k":[1,1,1,1],"ix":4},"o":{"a":0,"k":100,"ix":5},"r":1,"bm":0,"nm":"Fill 1","mn":"ADBE Vector Graphic - Fill","hd":false,"_render":true},{"ty":"tr","p":{"a":0,"k":[361.731,432.525],"ix":2},"a":{"a":0,"k":[0,0],"ix":1},"s":{"a":0,"k":[100,100],"ix":3},"r":{"a":0,"k":0,"ix":6},"o":{"a":0,"k":100,"ix":7},"sk":{"a":0,"k":0,"ix":4},"sa":{"a":0,"k":0,"ix":5},"nm":"Transform","_render":true}],"nm":"Group 2","np":3,"cix":2,"bm":0,"ix":2,"mn":"ADBE Vector Group","hd":false,"_render":true},{"ty":"tr","p":{"a":0,"k":[361.731,432.525],"ix":2},"a":{"a":0,"k":[361.731,432.525],"ix":1},"s":{"a":1,"k":[{"i":{"x":[0,0],"y":[1,1]},"o":{"x":[0.05,0.05],"y":[0,0]},"t":50,"s":[0,0],"__fnct":[null,null]},{"i":{"x":[0,0],"y":[1,1]},"o":{"x":[0.167,0.167],"y":[0,0]},"t":80,"s":[100,100],"__fnct":[null,null]},{"i":{"x":[0.95,0.95],"y":[1,1]},"o":{"x":[1,1],"y":[0,0]},"t":270,"s":[100,100]},{"t":300.00001221925,"s":[0,0]}],"ix":3},"r":{"a":0,"k":0,"ix":6},"o":{"a":0,"k":100,"ix":7},"sk":{"a":0,"k":0,"ix":4},"sa":{"a":0,"k":0,"ix":5},"nm":"Transform","_render":true}],"nm":"Group 1","np":2,"cix":2,"bm":0,"ix":1,"mn":"ADBE Vector Group","hd":false,"_render":true},{"ty":"gr","it":[{"ty":"gr","it":[{"ind":0,"ty":"sh","ix":1,"ks":{"a":0,"k":{"i":[[15.099,27.859],[-15.241,27.859],[-31.387,20.011000000000003],[-26.037,-10.329],[-15.097999999999999,-27.859],[15.241,-27.859],[31.387,-20.009999999999998],[26.037,10.329]],"o":[[5.417,27.859],[-24.923000000000002,27.859],[-29.68,10.329],[-24.33,-20.009999999999998],[-5.417,-27.859],[24.921999999999997,-27.859],[29.68,-10.329],[24.33,20.011000000000003]],"v":[[5.417,27.859],[-15.241,27.859],[-29.68,10.329],[-26.037,-10.329],[-5.417,-27.859],[15.241,-27.859],[29.68,-10.329],[26.037,10.329]],"c":true},"ix":2},"nm":"Path 1","mn":"ADBE Vector Shape - Group","hd":false,"_render":true},{"ty":"st","c":{"a":0,"k":[0,0,0,1],"ix":3},"o":{"a":0,"k":100,"ix":4},"w":{"a":0,"k":2.014,"ix":5},"lc":2,"lj":2,"bm":0,"nm":"Stroke 1","mn":"ADBE Vector Graphic - Stroke","hd":false,"_render":true},{"ty":"fl","c":{"a":0,"k":[0.8470588235294118,1,0.6823529411764706,1],"ix":4},"o":{"a":0,"k":100,"ix":5},"r":1,"bm":0,"nm":"Fill 1","mn":"ADBE Vector Graphic - Fill","hd":false,"_render":true},{"ty":"tr","p":{"a":0,"k":[364.919,428.172],"ix":2},"a":{"a":0,"k":[0,0],"ix":1},"s":{"a":1,"k":[{"i":{"x":[0,0],"y":[1,1]},"o":{"x":[0.05,0.05],"y":[0,0]},"t":40,"s":[0,0],"__fnct":[null,null]},{"i":{"x":[0,0],"y":[1,1]},"o":{"x":[0.167,0.167],"y":[0,0]},"t":70,"s":[100,100],"__fnct":[null,null]},{"i":{"x":[0.95,0.95],"y":[1,1]},"o":{"x":[1,1],"y":[0,0]},"t":280,"s":[100,100]},{"t":310.000012626559,"s":[0,0]}],"ix":3},"r":{"a":0,"k":0,"ix":6},"o":{"a":0,"k":100,"ix":7},"sk":{"a":0,"k":0,"ix":4},"sa":{"a":0,"k":0,"ix":5},"nm":"Transform","_render":true}],"nm":"Group 2","np":3,"cix":2,"bm":0,"ix":1,"mn":"ADBE Vector Group","hd":false,"_render":true},{"ty":"gr","it":[{"ind":0,"ty":"sh","ix":1,"ks":{"a":0,"k":{"i":[[16.811,31.02],[-16.971,31.02],[-34.949000000000005,22.281],[-28.992,-11.501],[-16.811,-31.02],[16.97,-31.02],[34.949000000000005,-22.281],[28.992,11.501]],"o":[[6.031,31.02],[-27.750999999999998,31.02],[-33.048,11.501],[-27.091,-22.281],[-6.031,-31.02],[27.75,-31.02],[33.048,-11.501],[27.091,22.281]],"v":[[6.031,31.02],[-16.971,31.02],[-33.048,11.501],[-28.992,-11.501],[-6.031,-31.02],[16.97,-31.02],[33.048,-11.501],[28.992,11.501]],"c":true},"ix":2},"nm":"Path 1","mn":"ADBE Vector Shape - Group","hd":false,"_render":true},{"ty":"st","c":{"a":0,"k":[0,0,0,1],"ix":3},"o":{"a":0,"k":100,"ix":4},"w":{"a":0,"k":2.045,"ix":5},"lc":2,"lj":2,"bm":0,"nm":"Stroke 1","mn":"ADBE Vector Graphic - Stroke","hd":false,"_render":true},{"ty":"fl","c":{"a":0,"k":[0.5137254901960784,0.7647058823529411,0.24705882352941178,1],"ix":4},"o":{"a":0,"k":100,"ix":5},"r":1,"bm":0,"nm":"Fill 1","mn":"ADBE Vector Graphic - Fill","hd":false,"_render":true},{"ty":"tr","p":{"a":0,"k":[368.83,432.339],"ix":2},"a":{"a":0,"k":[0,0],"ix":1},"s":{"a":1,"k":[{"i":{"x":[0,0],"y":[1,1]},"o":{"x":[0.05,0.05],"y":[0,0]},"t":30,"s":[0,0],"__fnct":[null,null]},{"i":{"x":[0,0],"y":[1,1]},"o":{"x":[0.05,0.05],"y":[0,0]},"t":60,"s":[100,100],"__fnct":[null,null]},{"i":{"x":[0.95,0.95],"y":[1,1]},"o":{"x":[1,1],"y":[0,0]},"t":290,"s":[100,100]},{"t":320.000013033867,"s":[0,0]}],"ix":3},"r":{"a":0,"k":0,"ix":6},"o":{"a":0,"k":100,"ix":7},"sk":{"a":0,"k":0,"ix":4},"sa":{"a":0,"k":0,"ix":5},"nm":"Transform","_render":true}],"nm":"Group 3","np":3,"cix":2,"bm":0,"ix":2,"mn":"ADBE Vector Group","hd":false,"_render":true},{"ty":"tr","p":{"a":0,"k":[368.574,431.836],"ix":2},"a":{"a":0,"k":[368.574,431.836],"ix":1},"s":{"a":0,"k":[100,100],"ix":3},"r":{"a":0,"k":0,"ix":6},"o":{"a":0,"k":100,"ix":7},"sk":{"a":0,"k":0,"ix":4},"sa":{"a":0,"k":0,"ix":5},"nm":"Transform","_render":true}],"nm":"Group 2","np":2,"cix":2,"bm":0,"ix":2,"mn":"ADBE Vector Group","hd":false,"_render":true}],"ip":30.0000012219251,"op":360.000014663101,"st":30.0000012219251,"bm":0,"completed":true},{"ddd":0,"ind":5,"ty":4,"nm":"Play","parent":10,"sr":1,"ks":{"o":{"a":0,"k":100,"ix":11},"r":{"a":0,"k":0,"ix":10},"p":{"a":1,"k":[{"i":{"x":0.75,"y":1},"o":{"x":0.25,"y":0},"t":90,"s":[464.527,768.565,0],"to":null,"ti":null},{"i":{"x":0.75,"y":1},"o":{"x":0.25,"y":0},"t":169,"s":[310.527,768.565,0],"to":null,"ti":null},{"t":270.000010997325,"s":[464.527,768.565,0]}],"ix":2},"a":{"a":0,"k":[321.631,685.445,0],"ix":1},"s":{"a":0,"k":[200,200,100],"ix":6}},"ao":0,"shapes":[{"ty":"gr","it":[{"ind":0,"ty":"sh","ix":1,"ks":{"a":0,"k":{"i":[[-6.1290000000000004,-11.82],[10.621,-1.054],[11.143,0.5860000000000001],[-9.403,11.352],[-11.207999999999998,11.235],[-7.411,-10.298]],"o":[[-5.4,-11.352],[11.35,-0.5860000000000001],[10.249,1.054],[-10.297,11.82],[-11.043,10.298],[-7.2459999999999996,-11.235]],"v":[[-5.4,-11.352],[10.621,-1.054],[10.249,1.054],[-9.403,11.352],[-11.043,10.298],[-7.411,-10.298]],"c":true},"ix":2},"nm":"Path 1","mn":"ADBE Vector Shape - Group","hd":false,"_render":true},{"ty":"st","c":{"a":0,"k":[0,0,0,1],"ix":3},"o":{"a":0,"k":100,"ix":4},"w":{"a":0,"k":1.652,"ix":5},"lc":1,"lj":1,"ml":10,"bm":0,"nm":"Stroke 1","mn":"ADBE Vector Graphic - Stroke","hd":false,"_render":true},{"ty":"fl","c":{"a":0,"k":[1,1,1,1],"ix":4},"o":{"a":0,"k":100,"ix":5},"r":1,"bm":0,"nm":"Fill 1","mn":"ADBE Vector Graphic - Fill","hd":false,"_render":true},{"ty":"tr","p":{"a":0,"k":[319.697,681.716],"ix":2},"a":{"a":0,"k":[0,0],"ix":1},"s":{"a":1,"k":[{"i":{"x":[0,0],"y":[1,1]},"o":{"x":[0.05,0.05],"y":[0,0]},"t":50,"s":[0,0],"__fnct":[null,null]},{"i":{"x":[0,0],"y":[1,1]},"o":{"x":[0.167,0.167],"y":[0,0]},"t":80,"s":[100,100],"__fnct":[null,null]},{"i":{"x":[0.95,0.95],"y":[1,1]},"o":{"x":[1,1],"y":[0,0]},"t":270,"s":[100,100]},{"t":300.00001221925,"s":[0,0]}],"ix":3},"r":{"a":0,"k":0,"ix":6},"o":{"a":0,"k":100,"ix":7},"sk":{"a":0,"k":0,"ix":4},"sa":{"a":0,"k":0,"ix":5},"nm":"Transform","_render":true}],"nm":"Group 1","np":3,"cix":2,"bm":0,"ix":1,"mn":"ADBE Vector Group","hd":false,"_render":true},{"ty":"gr","it":[{"ind":0,"ty":"sh","ix":1,"ks":{"a":0,"k":{"i":[[15.099,27.859],[-15.241,27.859],[-31.387,20.011000000000003],[-26.037,-10.329],[-15.099,-27.859],[15.241,-27.859],[31.387,-20.011000000000003],[26.037,10.329]],"o":[[5.417,27.859],[-24.921999999999997,27.859],[-29.68,10.329],[-24.33,-20.011000000000003],[-5.417,-27.859],[24.923000000000002,-27.859],[29.68,-10.329],[24.33,20.011000000000003]],"v":[[5.417,27.859],[-15.241,27.859],[-29.68,10.329],[-26.037,-10.329],[-5.417,-27.859],[15.241,-27.859],[29.68,-10.329],[26.037,10.329]],"c":true},"ix":2},"nm":"Path 1","mn":"ADBE Vector Shape - Group","hd":false,"_render":true},{"ty":"st","c":{"a":0,"k":[0,0,0,1],"ix":3},"o":{"a":0,"k":100,"ix":4},"w":{"a":0,"k":2.045,"ix":5},"lc":2,"lj":2,"bm":0,"nm":"Stroke 1","mn":"ADBE Vector Graphic - Stroke","hd":false,"_render":true},{"ty":"fl","c":{"a":0,"k":[0.5137254901960784,0.7647058823529411,0.24705882352941178,1],"ix":4},"o":{"a":0,"k":100,"ix":5},"r":1,"bm":0,"nm":"Fill 1","mn":"ADBE Vector Graphic - Fill","hd":false,"_render":true},{"ty":"tr","p":{"a":0,"k":[317.976,681.781],"ix":2},"a":{"a":0,"k":[0,0],"ix":1},"s":{"a":1,"k":[{"i":{"x":[0,0],"y":[1,1]},"o":{"x":[0.05,0.05],"y":[0,0]},"t":40,"s":[0,0],"__fnct":[null,null]},{"i":{"x":[0,0],"y":[1,1]},"o":{"x":[0.167,0.167],"y":[0,0]},"t":70,"s":[100,100],"__fnct":[null,null]},{"i":{"x":[0.95,0.95],"y":[1,1]},"o":{"x":[1,1],"y":[0,0]},"t":280,"s":[100,100]},{"t":310.000012626559,"s":[0,0]}],"ix":3},"r":{"a":0,"k":0,"ix":6},"o":{"a":0,"k":100,"ix":7},"sk":{"a":0,"k":0,"ix":4},"sa":{"a":0,"k":0,"ix":5},"nm":"Transform","_render":true}],"nm":"Group 2","np":3,"cix":2,"bm":0,"ix":2,"mn":"ADBE Vector Group","hd":false,"_render":true},{"ty":"gr","it":[{"ind":0,"ty":"sh","ix":1,"ks":{"a":0,"k":{"i":[[16.811,31.02],[-16.97,31.02],[-34.949000000000005,22.281],[-28.992,-11.501],[-16.811,-31.02],[16.97,-31.02],[34.949000000000005,-22.281],[28.992,11.501]],"o":[[6.031,31.02],[-27.75,31.02],[-33.048,11.501],[-27.091,-22.281],[-6.031,-31.02],[27.75,-31.02],[33.048,-11.501],[27.091,22.281]],"v":[[6.031,31.02],[-16.97,31.02],[-33.048,11.501],[-28.992,-11.501],[-6.031,-31.02],[16.97,-31.02],[33.048,-11.501],[28.992,11.501]],"c":true},"ix":2},"nm":"Path 1","mn":"ADBE Vector Shape - Group","hd":false,"_render":true},{"ty":"st","c":{"a":0,"k":[0,0,0,1],"ix":3},"o":{"a":0,"k":100,"ix":4},"w":{"a":0,"k":2.014,"ix":5},"lc":2,"lj":2,"bm":0,"nm":"Stroke 1","mn":"ADBE Vector Graphic - Stroke","hd":false,"_render":true},{"ty":"fl","c":{"a":0,"k":[0.8470588235294118,1,0.6823529411764706,1],"ix":4},"o":{"a":0,"k":100,"ix":5},"r":1,"bm":0,"nm":"Fill 1","mn":"ADBE Vector Graphic - Fill","hd":false,"_render":true},{"ty":"tr","p":{"a":0,"k":[321.887,685.948],"ix":2},"a":{"a":0,"k":[0,0],"ix":1},"s":{"a":1,"k":[{"i":{"x":[0,0],"y":[1,1]},"o":{"x":[0.05,0.05],"y":[0,0]},"t":30,"s":[0,0],"__fnct":[null,null]},{"i":{"x":[0,0],"y":[1,1]},"o":{"x":[0.05,0.05],"y":[0,0]},"t":60,"s":[100,100],"__fnct":[null,null]},{"i":{"x":[0.95,0.95],"y":[1,1]},"o":{"x":[1,1],"y":[0,0]},"t":290,"s":[100,100]},{"t":320.000013033867,"s":[0,0]}],"ix":3},"r":{"a":0,"k":0,"ix":6},"o":{"a":0,"k":100,"ix":7},"sk":{"a":0,"k":0,"ix":4},"sa":{"a":0,"k":0,"ix":5},"nm":"Transform","_render":true}],"nm":"Group 3","np":3,"cix":2,"bm":0,"ix":3,"mn":"ADBE Vector Group","hd":false,"_render":true}],"ip":30.0000012219251,"op":360.000014663101,"st":30.0000012219251,"bm":0,"completed":true},{"ddd":0,"ind":6,"ty":4,"nm":"Home","parent":10,"sr":1,"ks":{"o":{"a":0,"k":100,"ix":11},"r":{"a":0,"k":0,"ix":10},"p":{"a":1,"k":[{"i":{"x":0.75,"y":1},"o":{"x":0.25,"y":0},"t":90,"s":[1170.048,509.155,0],"to":null,"ti":null},{"i":{"x":0.75,"y":1},"o":{"x":0.25,"y":0},"t":214,"s":[1299.048,509.155,0],"to":null,"ti":null},{"t":270.000010997325,"s":[1170.048,509.155,0]}],"ix":2},"a":{"a":0,"k":[679.384,550.473,0],"ix":1},"s":{"a":0,"k":[200,200,100],"ix":6}},"ao":0,"shapes":[{"ty":"gr","it":[{"ind":0,"ty":"sh","ix":1,"ks":{"a":0,"k":{"i":[[15.783,0.628],[3.403,-14.622],[2.4450000000000003,-15.017],[-15.449,0.351],[-15.659,1.098],[-12.689,1.098],[-11.769,1.545],[-13.997,14.178],[-13.796000000000001,14.918],[-7.108,14.918],[-6.3100000000000005,14.587000000000002],[-4.913,6.667],[-4.551,6.086],[2.303,6.086],[2.838,6.346],[1.456,14.178],[1.6569999999999998,14.918],[8.358,14.918],[9.156,14.587000000000002],[11.358,2.097],[11.982000000000001,1.098],[15.114,1.098]],"o":[[15.558,0.351],[3.083,-15.017],[1.985,-14.622],[-15.772,0.628],[-15.269,1.098],[-12.137,1.098],[-11.866,2.097],[-14.068999999999999,14.587000000000002],[-13.387,14.918],[-6.699,14.918],[-6.238,14.178],[-4.857,6.346],[-4.231,6.086],[2.6229999999999998,6.086],[2.781,6.667],[1.384,14.587000000000002],[2.066,14.918],[8.767000000000001,14.918],[9.228,14.178],[11.455,1.545],[12.534,1.098],[15.504000000000001,1.098]],"v":[[15.558,0.351],[3.403,-14.622],[1.985,-14.622],[-15.449,0.351],[-15.269,1.098],[-12.689,1.098],[-11.866,2.097],[-13.997,14.178],[-13.387,14.918],[-7.108,14.918],[-6.238,14.178],[-4.913,6.667],[-4.231,6.086],[2.303,6.086],[2.781,6.667],[1.456,14.178],[2.066,14.918],[8.358,14.918],[9.228,14.178],[11.358,2.097],[12.534,1.098],[15.114,1.098]],"c":true},"ix":2},"nm":"Path 1","mn":"ADBE Vector Shape - Group","hd":false,"_render":true},{"ty":"st","c":{"a":0,"k":[0,0,0,1],"ix":3},"o":{"a":0,"k":100,"ix":4},"w":{"a":0,"k":1.652,"ix":5},"lc":1,"lj":1,"ml":10,"bm":0,"nm":"Stroke 1","mn":"ADBE Vector Graphic - Stroke","hd":false,"_render":true},{"ty":"fl","c":{"a":0,"k":[1,1,1,1],"ix":4},"o":{"a":0,"k":100,"ix":5},"r":1,"bm":0,"nm":"Fill 1","mn":"ADBE Vector Graphic - Fill","hd":false,"_render":true},{"ty":"tr","p":{"a":0,"k":[675.729,546],"ix":2},"a":{"a":0,"k":[0,0],"ix":1},"s":{"a":1,"k":[{"i":{"x":[0,0],"y":[1,1]},"o":{"x":[0.05,0.05],"y":[0,0]},"t":50,"s":[0,0],"__fnct":[null,null]},{"i":{"x":[0,0],"y":[1,1]},"o":{"x":[0.05,0.05],"y":[0,0]},"t":80,"s":[100,100],"__fnct":[null,null]},{"i":{"x":[0.95,0.95],"y":[1,1]},"o":{"x":[1,1],"y":[0,0]},"t":270,"s":[100,100]},{"t":300.00001221925,"s":[0,0]}],"ix":3},"r":{"a":0,"k":0,"ix":6},"o":{"a":0,"k":100,"ix":7},"sk":{"a":0,"k":0,"ix":4},"sa":{"a":0,"k":0,"ix":5},"nm":"Transform","_render":true}],"nm":"Group 1","np":3,"cix":2,"bm":0,"ix":1,"mn":"ADBE Vector Group","hd":false,"_render":true},{"ty":"gr","it":[{"ind":0,"ty":"sh","ix":1,"ks":{"a":0,"k":{"i":[[15.097999999999999,27.859],[-15.241,27.859],[-31.387,20.011000000000003],[-26.037,-10.329],[-15.099,-27.859],[15.241,-27.859],[31.387,-20.011000000000003],[26.037,10.329]],"o":[[5.417,27.859],[-24.923000000000002,27.859],[-29.68,10.329],[-24.33,-20.011000000000003],[-5.417,-27.859],[24.923000000000002,-27.859],[29.68,-10.329],[24.33,20.011000000000003]],"v":[[5.417,27.859],[-15.241,27.859],[-29.68,10.329],[-26.037,-10.329],[-5.417,-27.859],[15.241,-27.859],[29.68,-10.329],[26.037,10.329]],"c":true},"ix":2},"nm":"Path 1","mn":"ADBE Vector Shape - Group","hd":false,"_render":true},{"ty":"st","c":{"a":0,"k":[0,0,0,1],"ix":3},"o":{"a":0,"k":100,"ix":4},"w":{"a":0,"k":2.045,"ix":5},"lc":2,"lj":2,"bm":0,"nm":"Stroke 1","mn":"ADBE Vector Graphic - Stroke","hd":false,"_render":true},{"ty":"fl","c":{"a":0,"k":[0.5137254901960784,0.7647058823529411,0.24705882352941178,1],"ix":4},"o":{"a":0,"k":100,"ix":5},"r":1,"bm":0,"nm":"Fill 1","mn":"ADBE Vector Graphic - Fill","hd":false,"_render":true},{"ty":"tr","p":{"a":0,"k":[675.729,546.809],"ix":2},"a":{"a":0,"k":[0,0],"ix":1},"s":{"a":1,"k":[{"i":{"x":[0,0],"y":[1,1]},"o":{"x":[0.05,0.05],"y":[0,0]},"t":40,"s":[0,0],"__fnct":[null,null]},{"i":{"x":[0,0],"y":[1,1]},"o":{"x":[0.05,0.05],"y":[0,0]},"t":70,"s":[100,100],"__fnct":[null,null]},{"i":{"x":[0.95,0.95],"y":[1,1]},"o":{"x":[1,1],"y":[0,0]},"t":280,"s":[100,100]},{"t":310.000012626559,"s":[0,0]}],"ix":3},"r":{"a":0,"k":0,"ix":6},"o":{"a":0,"k":100,"ix":7},"sk":{"a":0,"k":0,"ix":4},"sa":{"a":0,"k":0,"ix":5},"nm":"Transform","_render":true}],"nm":"Group 2","np":3,"cix":2,"bm":0,"ix":2,"mn":"ADBE Vector Group","hd":false,"_render":true},{"ty":"gr","it":[{"ind":0,"ty":"sh","ix":1,"ks":{"a":0,"k":{"i":[[16.811,31.02],[-16.97,31.02],[-34.949000000000005,22.281],[-28.992,-11.501],[-16.811,-31.02],[16.97,-31.02],[34.949000000000005,-22.281],[28.992,11.501]],"o":[[6.031,31.02],[-27.75,31.02],[-33.048,11.501],[-27.091,-22.281],[-6.031,-31.02],[27.75,-31.02],[33.048,-11.501],[27.091,22.281]],"v":[[6.031,31.02],[-16.97,31.02],[-33.048,11.501],[-28.992,-11.501],[-6.031,-31.02],[16.97,-31.02],[33.048,-11.501],[28.992,11.501]],"c":true},"ix":2},"nm":"Path 1","mn":"ADBE Vector Shape - Group","hd":false,"_render":true},{"ty":"st","c":{"a":0,"k":[0,0,0,1],"ix":3},"o":{"a":0,"k":100,"ix":4},"w":{"a":0,"k":2.014,"ix":5},"lc":2,"lj":2,"bm":0,"nm":"Stroke 1","mn":"ADBE Vector Graphic - Stroke","hd":false,"_render":true},{"ty":"fl","c":{"a":0,"k":[0.8470588235294118,1,0.6823529411764706,1],"ix":4},"o":{"a":0,"k":100,"ix":5},"r":1,"bm":0,"nm":"Fill 1","mn":"ADBE Vector Graphic - Fill","hd":false,"_render":true},{"ty":"tr","p":{"a":0,"k":[679.641,550.976],"ix":2},"a":{"a":0,"k":[0,0],"ix":1},"s":{"a":1,"k":[{"i":{"x":[0,0],"y":[1,1]},"o":{"x":[0.05,0.05],"y":[0,0]},"t":30,"s":[0,0],"__fnct":[null,null]},{"i":{"x":[0,0],"y":[1,1]},"o":{"x":[0.05,0.05],"y":[0,0]},"t":60,"s":[100,100],"__fnct":[null,null]},{"i":{"x":[0.95,0.95],"y":[1,1]},"o":{"x":[1,1],"y":[0,0]},"t":290,"s":[100,100]},{"t":320.000013033867,"s":[0,0]}],"ix":3},"r":{"a":0,"k":0,"ix":6},"o":{"a":0,"k":100,"ix":7},"sk":{"a":0,"k":0,"ix":4},"sa":{"a":0,"k":0,"ix":5},"nm":"Transform","_render":true}],"nm":"Group 3","np":3,"cix":2,"bm":0,"ix":3,"mn":"ADBE Vector Group","hd":false,"_render":true}],"ip":30.0000012219251,"op":360.000014663101,"st":30.0000012219251,"bm":0,"completed":true},{"ddd":0,"ind":7,"ty":4,"nm":"Search Bar","sr":1,"ks":{"o":{"a":0,"k":100,"ix":11},"r":{"a":0,"k":0,"ix":10},"p":{"a":1,"k":[{"i":{"x":0.75,"y":1},"o":{"x":0.25,"y":0},"t":90,"s":[964.207,833.626,0],"to":null,"ti":null},{"i":{"x":0.75,"y":1},"o":{"x":0.25,"y":0},"t":148,"s":[1178.207,833.626,0],"to":null,"ti":null},{"t":270.000010997325,"s":[964.207,833.626,0]}],"ix":2},"a":{"a":0,"k":[964.207,833.626,0],"ix":1},"s":{"a":0,"k":[100,100,100],"ix":6}},"ao":0,"shapes":[{"ty":"gr","it":[{"ty":"gr","it":[{"ind":0,"ty":"sh","ix":1,"ks":{"a":0,"k":{"i":[[-43.166,-3.641],[-45.548,-2.443],[-48.72,-2.793],[-50.256,-4.886],[-53.56,-6.029],[-53.345,-3.734],[-51.402,-1.085],[-48.096000000000004,0.264],[-44.156,0.07300000000000001],[-40.972,-1.483],[-39.309000000000005,-4.129],[-39.483,-7.818],[-42.599999999999994,-10.71],[-45.712,-11.826],[-48.218,-13.403],[-47.478,-16.146],[-45.11,-17.436],[-42.196,-17.09],[-40.917,-15.135],[-37.618,-14.082],[-37.819,-16.304],[-39.577999999999996,-18.851],[-42.614000000000004,-20.153],[-46.349999999999994,-19.988],[-49.547,-18.395],[-51.326,-15.677],[-51.089999999999996,-12.099],[-47.895,-9.279],[-44.728,-8.148],[-42.381,-6.536]],"o":[[-44.634,-2.675],[-47.818000000000005,-2.4789999999999996],[-49.977999999999994,-4.015],[-50.183,-6.016],[-53.606,-4.817],[-52.215,-1.8290000000000002],[-49.278000000000006,-0.009000000000000008],[-45.416000000000004,0.29100000000000004],[-41.868,-0.839],[-39.678000000000004,-3.1510000000000002],[-39.118,-6.6259999999999994],[-41.141,-9.831999999999999],[-44.687,-11.457],[-47.444,-12.491],[-47.908,-15.445],[-46.01,-17.186],[-42.986999999999995,-17.391],[-41.147999999999996,-15.941999999999998],[-40.981,-14.096],[-37.582,-15.258000000000001],[-38.84,-18.136],[-41.51,-19.881],[-45.138,-20.207],[-48.628,-19.058],[-50.941,-16.673],[-51.481,-13.243],[-49.358,-10.131],[-45.835,-8.559],[-43.097,-7.51],[-42.727000000000004,-4.33]],"v":[[-43.9,-3.158],[-46.642,-2.461],[-49.349,-3.404],[-50.183,-6.016],[-53.56,-6.029],[-52.78,-2.782],[-50.34,-0.547],[-46.792,0.273],[-43.012,-0.383],[-40.325,-2.317],[-39.218,-5.25],[-40.312,-8.825],[-44.687,-11.457],[-45.712,-11.826],[-48.036,-14.561],[-46.744,-16.666],[-44.044,-17.418],[-41.672,-16.516],[-40.981,-14.096],[-37.618,-14.082],[-38.329,-17.22],[-40.544,-19.366],[-43.853,-20.18],[-47.489,-19.523],[-50.244,-17.534],[-51.399,-14.547],[-50.224,-11.115],[-45.835,-8.559],[-44.728,-8.148],[-42.581,-5.223]],"c":true},"ix":2},"nm":"S","mn":"ADBE Vector Shape - Group","hd":false,"_render":true},{"ty":"fl","c":{"a":0,"k":[1,1,1,1],"ix":4},"o":{"a":0,"k":100,"ix":5},"r":1,"bm":0,"nm":"Fill 1","mn":"ADBE Vector Graphic - Fill","hd":false,"_render":true},{"ty":"tr","p":{"a":0,"k":[0,0],"ix":2},"a":{"a":0,"k":[0,0],"ix":1},"s":{"a":0,"k":[100,100],"ix":3},"r":{"a":0,"k":0,"ix":6},"o":{"a":0,"k":100,"ix":7},"sk":{"a":0,"k":0,"ix":4},"sa":{"a":0,"k":0,"ix":5},"nm":"Transform","_render":true}],"nm":"S","np":3,"cix":2,"bm":0,"ix":1,"mn":"ADBE Vector Group","hd":false,"_render":true},{"ty":"gr","it":[{"ind":0,"ty":"sh","ix":1,"ks":{"a":0,"k":{"i":[[-28.363,0.055999999999999994],[-25.523,-1.604],[-26.544,-4.211],[-29.004,-2.347],[-32.14,-2.778],[-33.489,-5.158],[-24.097,-6.33],[-23.905,-7.754],[-24.026,-11.657],[-27.264,-15.029],[-31.521000000000004,-14.798],[-34.544999999999995,-12.648],[-36.415,-8.9],[-36.62,-6.836],[-36.558,-4.315],[-34.958999999999996,-1.317],[-31.958,0.24600000000000002]],"o":[[-26.339,-0.9179999999999999],[-24.903,-2.488],[-27.72,-2.9530000000000003],[-31.374000000000002,-2.4109999999999996],[-33.251999999999995,-4.214],[-33.407,-6.33],[-24.097,-6.33],[-23.677,-9.908],[-25.876,-14.341000000000001],[-30.363,-15.093],[-33.653000000000006,-13.558000000000002],[-35.976,-10.251],[-36.579,-7.396],[-36.729,-5.514],[-35.656,-2.164],[-33.073,-0.07699999999999996],[-29.47,0.29100000000000004]],"v":[[-27.351,-0.431],[-24.903,-2.488],[-26.544,-4.211],[-30.399,-2.393],[-32.696,-3.496],[-33.407,-6.33],[-24.097,-6.33],[-23.905,-7.754],[-24.951,-12.999],[-29.114,-15.066],[-32.587,-14.178],[-35.26,-11.45],[-36.579,-7.396],[-36.62,-6.836],[-36.107,-3.24],[-34.016,-0.697],[-30.673,0.273]],"c":true},"ix":2},"nm":"e","mn":"ADBE Vector Shape - Group","hd":false,"_render":true},{"ind":1,"ty":"sh","ix":2,"ks":{"a":0,"k":{"i":[[-28.116,-12.187000000000001],[-27.040000000000003,-10.928],[-26.89,-9.47],[-27.009,-8.764],[-33.147,-8.777],[-31.006,-12.469]],"o":[[-27.296,-11.439],[-26.885,-9.88],[-26.954,-9.051],[-27.009,-8.764],[-32.29,-11.256],[-28.645000000000003,-12.387]],"v":[[-27.706,-11.813],[-26.94,-10.281],[-26.954,-9.051],[-27.009,-8.764],[-33.147,-8.777],[-29.292,-12.414]],"c":true},"ix":2},"nm":"e","mn":"ADBE Vector Shape - Group","hd":false,"_render":true},{"ty":"mm","mm":1,"nm":"Merge Paths 1","mn":"ADBE Vector Filter - Merge","hd":false,"_render":true},{"ty":"fl","c":{"a":0,"k":[1,1,1,1],"ix":4},"o":{"a":0,"k":100,"ix":5},"r":1,"bm":0,"nm":"Fill 1","mn":"ADBE Vector Graphic - Fill","hd":false,"_render":true},{"ty":"tr","p":{"a":0,"k":[0,0],"ix":2},"a":{"a":0,"k":[0,0],"ix":1},"s":{"a":0,"k":[100,100],"ix":3},"r":{"a":0,"k":0,"ix":6},"o":{"a":0,"k":100,"ix":7},"sk":{"a":0,"k":0,"ix":4},"sa":{"a":0,"k":0,"ix":5},"nm":"Transform","_render":true}],"nm":"e","np":5,"cix":2,"bm":0,"ix":2,"mn":"ADBE Vector Group","hd":false,"_render":true},{"ty":"gr","it":[{"ind":0,"ty":"sh","ix":1,"ks":{"a":0,"k":{"i":[[-10.657,0],[-10.644,-0.246],[-10.876,-1.28],[-10.739,-3.049],[-9.604,-9.98],[-9.824000000000002,-12.676],[-12.886000000000001,-15.029],[-16.596,-14.902999999999999],[-19.303,-13.601],[-20.792,-11.424999999999999],[-17.616,-10.541],[-17.176000000000002,-11.655],[-15.52,-12.569],[-13.054,-12.017],[-12.817,-10.39],[-13.063,-9.023],[-15.169,-9.051],[-19.034,-8.604000000000001],[-22.259999999999998,-5.5920000000000005],[-21.993,-1.771],[-19.243,0.255],[-15.228,-0.242],[-13.979,-0.364]],"o":[[-10.657,0],[-10.808,-0.756],[-10.849,-1.818],[-10.739,-3.049],[-9.449,-11.466000000000001],[-11.628,-14.543999999999999],[-15.575000000000001,-15.084000000000001],[-18.528000000000002,-14.137],[-20.468999999999998,-12.225],[-20.856,-10.514],[-17.498,-11.161],[-16.128,-12.392999999999999],[-13.706,-12.524000000000001],[-12.817,-10.722999999999999],[-12.872,-10.035],[-13.063,-9.023],[-17.32,-9.051],[-21.586,-6.8180000000000005],[-22.387999999999998,-2.793],[-20.307,-0.15699999999999992],[-16.544999999999998,0.309],[-14.025,-0.825],[-13.87,0]],"v":[[-10.657,0],[-10.644,-0.246],[-10.849,-1.818],[-10.739,-3.049],[-9.604,-9.98],[-10.726,-13.61],[-14.499,-15.066],[-17.562,-14.52],[-19.886,-12.913],[-20.856,-10.514],[-17.616,-10.541],[-16.652,-12.024],[-14.827,-12.551],[-12.872,-11.033],[-12.872,-10.035],[-13.063,-9.023],[-15.169,-9.051],[-20.31,-7.711],[-22.333,-4.033],[-21.15,-0.964],[-17.958,0.273],[-14.007,-1.381],[-13.87,0]],"c":true},"ix":2},"nm":"a","mn":"ADBE Vector Shape - Group","hd":false,"_render":true},{"ind":1,"ty":"sh","ix":2,"ks":{"a":0,"k":{"i":[[-18.279,-2.582],[-19.097,-3.7640000000000002],[-18.509,-5.809],[-16.075,-6.959],[-13.31,-6.945],[-13.815,-4.143],[-14.722999999999999,-3.184],[-16.522,-2.361]],"o":[[-18.962999999999997,-3.284],[-18.924,-5.177],[-17.051000000000002,-6.729],[-14.854,-6.959],[-13.31,-6.945],[-14.225,-3.614],[-15.889,-2.518],[-17.808,-2.397]],"v":[[-18.621,-2.933],[-19.024,-4.375],[-17.78,-6.269],[-14.854,-6.959],[-13.31,-6.945],[-13.815,-4.143],[-15.306,-2.851],[-17.206,-2.379]],"c":true},"ix":2},"nm":"a","mn":"ADBE Vector Shape - Group","hd":false,"_render":true},{"ty":"mm","mm":1,"nm":"Merge Paths 1","mn":"ADBE Vector Filter - Merge","hd":false,"_render":true},{"ty":"fl","c":{"a":0,"k":[1,1,1,1],"ix":4},"o":{"a":0,"k":100,"ix":5},"r":1,"bm":0,"nm":"Fill 1","mn":"ADBE Vector Graphic - Fill","hd":false,"_render":true},{"ty":"tr","p":{"a":0,"k":[0,0],"ix":2},"a":{"a":0,"k":[0,0],"ix":1},"s":{"a":0,"k":[100,100],"ix":3},"r":{"a":0,"k":0,"ix":6},"o":{"a":0,"k":100,"ix":7},"sk":{"a":0,"k":0,"ix":4},"sa":{"a":0,"k":0,"ix":5},"nm":"Transform","_render":true}],"nm":"a","np":5,"cix":2,"bm":0,"ix":3,"mn":"ADBE Vector Group","hd":false,"_render":true},{"ty":"gr","it":[{"ind":0,"ty":"sh","ix":1,"ks":{"a":0,"k":{"i":[[2.222,-14.889],[1.279,-15.094],[-1.5099999999999998,-14.465],[-2.194,-14.807],[-5.271,-14.793],[-7.827,0],[-4.587,0],[-2.81,-10.131],[-0.841,-11.931],[1.434,-11.848999999999998]],"o":[[1.693,-15.026],[-0.3440000000000001,-15.120999999999999],[-2.522,-13.125],[-2.194,-14.807],[-5.271,-14.793],[-7.827,0],[-4.587,0],[-1.972,-11.343],[1.009,-11.895],[1.853,-11.758]],"v":[[2.222,-14.889],[0.978,-15.094],[-2.522,-13.125],[-2.194,-14.807],[-5.271,-14.793],[-7.827,0],[-4.587,0],[-2.81,-10.131],[0.581,-11.895],[1.853,-11.758]],"c":true},"ix":2},"nm":"r","mn":"ADBE Vector Shape - Group","hd":false,"_render":true},{"ty":"fl","c":{"a":0,"k":[1,1,1,1],"ix":4},"o":{"a":0,"k":100,"ix":5},"r":1,"bm":0,"nm":"Fill 1","mn":"ADBE Vector Graphic - Fill","hd":false,"_render":true},{"ty":"tr","p":{"a":0,"k":[0,0],"ix":2},"a":{"a":0,"k":[0,0],"ix":1},"s":{"a":0,"k":[100,100],"ix":3},"r":{"a":0,"k":0,"ix":6},"o":{"a":0,"k":100,"ix":7},"sk":{"a":0,"k":0,"ix":4},"sa":{"a":0,"k":0,"ix":5},"nm":"Transform","_render":true}],"nm":"r","np":3,"cix":2,"bm":0,"ix":4,"mn":"ADBE Vector Group","hd":false,"_render":true},{"ty":"gr","it":[{"ind":0,"ty":"sh","ix":1,"ks":{"a":0,"k":{"i":[[5.439,-3.646],[5.95,-9.689],[8.406,-12.45],[11.056000000000001,-12.091000000000001],[12.093,-10.323],[15.128,-9.475],[14.649000000000001,-12.449],[11.455000000000002,-15.029],[7.344,-14.807],[4.316,-12.652999999999999],[2.541,-9.033000000000001],[2.345,-7.123],[2.3449999999999998,-4.481999999999999],[3.817,-1.349],[6.683,0.255],[9.969,0.09100000000000003],[12.642,-1.427],[14.208,-3.9199999999999995],[11.245,-4.881],[10.700999999999999,-3.5109999999999997],[8.821,-2.3470000000000004]],"o":[[5.558,-8.121],[7.408,-11.913],[10.457,-12.376999999999999],[11.886,-11.015],[12.093,-9.475],[15.128,-11.116],[12.735,-14.499],[8.538,-15.102],[5.193,-13.549000000000001],[2.958,-10.329],[2.386,-7.602],[2.208,-5.737],[3.165,-2.23],[5.603,-0.07299999999999995],[8.98,0.30000000000000004],[11.865,-0.8009999999999999],[13.854,-3.031],[14.308,-4.895],[11.081,-4.1240000000000006],[9.507,-2.572],[6.286999999999999,-2.4010000000000002]],"v":[[5.503,-6.098],[6.679,-10.801],[9.673,-12.414],[11.471,-11.553],[12.093,-9.475],[15.128,-9.475],[13.692,-13.474],[9.851,-15.066],[6.269,-14.178],[3.637,-11.491],[2.386,-7.602],[2.345,-7.123],[2.755,-3.356],[4.71,-0.711],[7.95,0.273],[10.917,-0.355],[13.248,-2.229],[14.308,-4.895],[11.245,-4.881],[10.104,-3.042],[8.046,-2.365]],"c":true},"ix":2},"nm":"c","mn":"ADBE Vector Shape - Group","hd":false,"_render":true},{"ty":"fl","c":{"a":0,"k":[1,1,1,1],"ix":4},"o":{"a":0,"k":100,"ix":5},"r":1,"bm":0,"nm":"Fill 1","mn":"ADBE Vector Graphic - Fill","hd":false,"_render":true},{"ty":"tr","p":{"a":0,"k":[0,0],"ix":2},"a":{"a":0,"k":[0,0],"ix":1},"s":{"a":0,"k":[100,100],"ix":3},"r":{"a":0,"k":0,"ix":6},"o":{"a":0,"k":100,"ix":7},"sk":{"a":0,"k":0,"ix":4},"sa":{"a":0,"k":0,"ix":5},"nm":"Transform","_render":true}],"nm":"c","np":3,"cix":2,"bm":0,"ix":5,"mn":"ADBE Vector Group","hd":false,"_render":true},{"ty":"gr","it":[{"ind":0,"ty":"sh","ix":1,"ks":{"a":0,"k":{"i":[[22.798,-21],[19.544,-21],[15.907,0],[19.147,0],[20.993,-10.582],[23.017,-12.377],[26.069,-11.762],[26.207,-9.949],[24.548,0],[27.788,0],[29.374,-9.516],[29.293999999999997,-12.588000000000001],[26.895,-15.035],[22.524,-14.46]],"o":[[22.798,-21],[19.544,-21],[15.907,0],[19.147,0],[21.941,-11.785],[25.413999999999998,-12.332],[26.215,-10.313],[26.161,-9.557],[24.548,0],[27.788,0],[29.546999999999997,-11.239],[27.936,-14.538],[23.923,-15.089],[21.294,-13.166]],"v":[[22.798,-21],[19.544,-21],[15.907,0],[19.147,0],[20.993,-10.582],[24.22,-12.359],[26.188,-10.65],[26.161,-9.557],[24.548,0],[27.788,0],[29.374,-9.516],[28.615,-13.563],[25.491,-15.053],[21.294,-13.166]],"c":true},"ix":2},"nm":"h","mn":"ADBE Vector Shape - Group","hd":false,"_render":true},{"ty":"fl","c":{"a":0,"k":[1,1,1,1],"ix":4},"o":{"a":0,"k":100,"ix":5},"r":1,"bm":0,"nm":"Fill 1","mn":"ADBE Vector Graphic - Fill","hd":false,"_render":true},{"ty":"tr","p":{"a":0,"k":[0,0],"ix":2},"a":{"a":0,"k":[0,0],"ix":1},"s":{"a":0,"k":[100,100],"ix":3},"r":{"a":0,"k":0,"ix":6},"o":{"a":0,"k":100,"ix":7},"sk":{"a":0,"k":0,"ix":4},"sa":{"a":0,"k":0,"ix":5},"nm":"Transform","_render":true}],"nm":"h","np":3,"cix":2,"bm":0,"ix":6,"mn":"ADBE Vector Group","hd":false,"_render":true},{"ty":"gr","it":[{"ind":0,"ty":"sh","ix":1,"ks":{"a":0,"k":{"i":[[31.783,-0.651],[32.951,0.182],[34.49700000000001,-0.039000000000000035],[35.362,-1.1800000000000002],[35.182,-2.686],[34.013999999999996,-3.5319999999999996],[32.48,-3.311],[31.603,-2.156]],"o":[[32.503,0.02300000000000002],[34.044999999999995,0.14600000000000002],[35.189,-0.741],[35.362,-2.247],[34.462,-3.37],[32.929,-3.496],[31.778,-2.609],[31.603,-1.08]],"v":[[32.143,-0.314],[33.489,0.164],[34.843,-0.39],[35.362,-1.709],[34.822,-3.028],[33.476,-3.514],[32.129,-2.96],[31.603,-1.6]],"c":true},"ix":2},"nm":".","mn":"ADBE Vector Shape - Group","hd":false,"_render":true},{"ty":"fl","c":{"a":0,"k":[1,1,1,1],"ix":4},"o":{"a":0,"k":100,"ix":5},"r":1,"bm":0,"nm":"Fill 1","mn":"ADBE Vector Graphic - Fill","hd":false,"_render":true},{"ty":"tr","p":{"a":0,"k":[0,0],"ix":2},"a":{"a":0,"k":[0,0],"ix":1},"s":{"a":0,"k":[100,100],"ix":3},"r":{"a":0,"k":0,"ix":6},"o":{"a":0,"k":100,"ix":7},"sk":{"a":0,"k":0,"ix":4},"sa":{"a":0,"k":0,"ix":5},"nm":"Transform","_render":true}],"nm":".","np":3,"cix":2,"bm":0,"ix":7,"mn":"ADBE Vector Group","hd":false,"_render":true},{"ty":"gr","it":[{"ind":0,"ty":"sh","ix":1,"ks":{"a":0,"k":{"i":[[39.507,-0.651],[40.676,0.182],[42.221000000000004,-0.039000000000000035],[43.087,-1.1800000000000002],[42.907,-2.686],[41.738,-3.5319999999999996],[40.205,-3.311],[39.327,-2.156]],"o":[[40.227,0.02300000000000002],[41.769999999999996,0.14600000000000002],[42.913,-0.741],[43.087,-2.247],[42.187,-3.37],[40.653000000000006,-3.496],[39.503,-2.609],[39.327,-1.08]],"v":[[39.867,-0.314],[41.214,0.164],[42.567,-0.39],[43.087,-1.709],[42.547,-3.028],[41.2,-3.514],[39.854,-2.96],[39.327,-1.6]],"c":true},"ix":2},"nm":".","mn":"ADBE Vector Shape - Group","hd":false,"_render":true},{"ty":"fl","c":{"a":0,"k":[1,1,1,1],"ix":4},"o":{"a":0,"k":100,"ix":5},"r":1,"bm":0,"nm":"Fill 1","mn":"ADBE Vector Graphic - Fill","hd":false,"_render":true},{"ty":"tr","p":{"a":0,"k":[0,0],"ix":2},"a":{"a":0,"k":[0,0],"ix":1},"s":{"a":0,"k":[100,100],"ix":3},"r":{"a":0,"k":0,"ix":6},"o":{"a":0,"k":100,"ix":7},"sk":{"a":0,"k":0,"ix":4},"sa":{"a":0,"k":0,"ix":5},"nm":"Transform","_render":true}],"nm":".","np":3,"cix":2,"bm":0,"ix":8,"mn":"ADBE Vector Group","hd":false,"_render":true},{"ty":"gr","it":[{"ind":0,"ty":"sh","ix":1,"ks":{"a":0,"k":{"i":[[47.232,-0.651],[48.400000000000006,0.182],[49.946000000000005,-0.039000000000000035],[50.812,-1.1800000000000002],[50.631,-2.686],[49.462999999999994,-3.5319999999999996],[47.929,-3.311],[47.052,-2.156]],"o":[[47.952,0.02300000000000002],[49.494,0.14600000000000002],[50.638,-0.741],[50.812,-2.247],[49.911,-3.37],[48.378,-3.496],[47.227000000000004,-2.609],[47.052,-1.08]],"v":[[47.592,-0.314],[48.938,0.164],[50.292,-0.39],[50.812,-1.709],[50.271,-3.028],[48.925,-3.514],[47.578,-2.96],[47.052,-1.6]],"c":true},"ix":2},"nm":".","mn":"ADBE Vector Shape - Group","hd":false,"_render":true},{"ty":"fl","c":{"a":0,"k":[1,1,1,1],"ix":4},"o":{"a":0,"k":100,"ix":5},"r":1,"bm":0,"nm":"Fill 1","mn":"ADBE Vector Graphic - Fill","hd":false,"_render":true},{"ty":"tr","p":{"a":0,"k":[0,0],"ix":2},"a":{"a":0,"k":[0,0],"ix":1},"s":{"a":0,"k":[100,100],"ix":3},"r":{"a":0,"k":0,"ix":6},"o":{"a":0,"k":100,"ix":7},"sk":{"a":0,"k":0,"ix":4},"sa":{"a":0,"k":0,"ix":5},"nm":"Transform","_render":true}],"nm":".","np":3,"cix":2,"bm":0,"ix":9,"mn":"ADBE Vector Group","hd":false,"_render":true},{"ty":"tr","p":{"a":0,"k":[889.379,837.855],"ix":2},"a":{"a":0,"k":[0,0],"ix":1},"s":{"a":1,"k":[{"i":{"x":[0,0],"y":[1,1]},"o":{"x":[0.05,0.05],"y":[0,0]},"t":60,"s":[0,0],"__fnct":[null,null]},{"i":{"x":[0,0],"y":[1,1]},"o":{"x":[0.167,0.167],"y":[0,0]},"t":90,"s":[89.426,89.426],"__fnct":[null,null]},{"i":{"x":[0.95,0.95],"y":[1,1]},"o":{"x":[1,1],"y":[0,0]},"t":279,"s":[89.426,89.426]},{"t":309.000012585828,"s":[0,0]}],"ix":3},"r":{"a":0,"k":0,"ix":6},"o":{"a":0,"k":100,"ix":7},"sk":{"a":0,"k":0,"ix":4},"sa":{"a":0,"k":0,"ix":5},"nm":"Transform","_render":true}],"nm":"Search","np":9,"cix":2,"bm":0,"ix":1,"mn":"ADBE Vector Group","hd":false,"_render":true},{"ty":"gr","it":[{"ty":"gr","it":[{"ind":0,"ty":"sh","ix":1,"ks":{"a":0,"k":{"i":[[4.548,0.5329999999999999],[-2.5489999999999995,4.099],[-4.975,-2.368],[2.122,-5.9350000000000005]],"o":[[0.3520000000000003,4.099],[-5.487,0.5329999999999999],[-0.7789999999999999,-5.933999999999999],[5.0600000000000005,-2.369]],"v":[[2.45,2.316],[-4.018,2.316],[-2.877,-4.151],[3.591,-4.152]],"c":true},"ix":2},"nm":"Path 1","mn":"ADBE Vector Shape - Group","hd":false,"_render":true},{"ind":1,"ty":"sh","ix":2,"ks":{"a":0,"k":{"i":[[7.342,-3.317],[-1.048,-8.311],[-7.984,1.2199999999999998],[-0.2110000000000003,6.443],[5.054,7.337],[6.089,7.76],[7.204,6.228],[4.558,3.015]],"o":[[3.2279999999999998,-8.312000000000001],[-7.23,-3.0549999999999997],[-3.87,6.215],[2.756,4.547],[5.402,7.76],[7.083,6.914],[6.856,5.805],[6.917999999999999,0.383]],"v":[[5.393,-5.684],[-4.139,-5.683],[-5.819,3.848],[2.756,4.547],[5.054,7.337],[6.586,7.337],[6.856,5.805],[4.558,3.015]],"c":true},"ix":2},"nm":"Path 2","mn":"ADBE Vector Shape - Group","hd":false,"_render":true},{"ty":"st","c":{"a":0,"k":[0,0,0,1],"ix":3},"o":{"a":0,"k":100,"ix":4},"w":{"a":0,"k":0.894,"ix":5},"lc":2,"lj":2,"bm":0,"nm":"Stroke 1","mn":"ADBE Vector Graphic - Stroke","hd":false,"_render":true},{"ty":"fl","c":{"a":0,"k":[0.5137254901960784,0.7647058823529411,0.24705882352941178,1],"ix":4},"o":{"a":0,"k":100,"ix":5},"r":1,"bm":0,"nm":"Fill 1","mn":"ADBE Vector Graphic - Fill","hd":false,"_render":true},{"ty":"tr","p":{"a":0,"k":[646.795,741.421],"ix":2},"a":{"a":0,"k":[6.75,7.5],"ix":1},"s":{"a":1,"k":[{"i":{"x":[0,0],"y":[1,1]},"o":{"x":[0.05,0.05],"y":[0,0]},"t":60,"s":[0,0],"__fnct":[null,null]},{"i":{"x":[0,0],"y":[1,1]},"o":{"x":[0.167,0.167],"y":[0,0]},"t":90,"s":[100,100],"__fnct":[null,null]},{"i":{"x":[0.95,0.95],"y":[1,1]},"o":{"x":[1,1],"y":[0,0]},"t":279,"s":[100,100]},{"t":309.000012585828,"s":[0,0]}],"ix":3},"r":{"a":0,"k":0,"ix":6},"o":{"a":0,"k":100,"ix":7},"sk":{"a":0,"k":0,"ix":4},"sa":{"a":0,"k":0,"ix":5},"nm":"Transform","_render":true}],"nm":"Group 1","np":4,"cix":2,"bm":0,"ix":1,"mn":"ADBE Vector Group","hd":false,"_render":true},{"ty":"gr","it":[{"ind":0,"ty":"sh","ix":1,"ks":{"a":0,"k":{"i":[[13.728,-6.909],[4.702999999999999,12.51],[-13.728,6.909],[-4.702999999999999,-12.51]],"o":[[11.292,6.909],[-9.115,12.51],[-11.292,-6.909],[9.115,-12.51]],"v":[[12.51,0],[-2.206,12.51],[-12.51,0],[2.206,-12.51]],"c":true},"ix":2},"nm":"Path 1","mn":"ADBE Vector Shape - Group","hd":false,"_render":true},{"ty":"st","c":{"a":0,"k":[0,0,0,1],"ix":3},"o":{"a":0,"k":100,"ix":4},"w":{"a":0,"k":1.652,"ix":5},"lc":1,"lj":1,"ml":10,"bm":0,"nm":"Stroke 1","mn":"ADBE Vector Graphic - Stroke","hd":false,"_render":true},{"ty":"fl","c":{"a":0,"k":[1,1,1,1],"ix":4},"o":{"a":0,"k":100,"ix":5},"r":1,"bm":0,"nm":"Fill 1","mn":"ADBE Vector Graphic - Fill","hd":false,"_render":true},{"ty":"tr","p":{"a":0,"k":[640.857,734.247],"ix":2},"a":{"a":0,"k":[0,0],"ix":1},"s":{"a":1,"k":[{"i":{"x":[0,0],"y":[1,1]},"o":{"x":[0.05,0.05],"y":[0,0]},"t":60,"s":[0,0],"__fnct":[null,null]},{"i":{"x":[0,0],"y":[1,1]},"o":{"x":[0.167,0.167],"y":[0,0]},"t":90,"s":[100,100],"__fnct":[null,null]},{"i":{"x":[0.95,0.95],"y":[1,1]},"o":{"x":[1,1],"y":[0,0]},"t":279,"s":[100,100]},{"t":309.000012585828,"s":[0,0]}],"ix":3},"r":{"a":0,"k":0,"ix":6},"o":{"a":0,"k":100,"ix":7},"sk":{"a":0,"k":0,"ix":4},"sa":{"a":0,"k":0,"ix":5},"nm":"Transform","_render":true}],"nm":"Group 2","np":3,"cix":2,"bm":0,"ix":2,"mn":"ADBE Vector Group","hd":false,"_render":true},{"ty":"gr","it":[{"ind":0,"ty":"sh","ix":1,"ks":{"a":0,"k":{"i":[[68.786,15.462],[-65.699,15.462],[-79.941,8.539],[-78.435,0],[-68.787,-15.462],[65.699,-15.462],[79.941,-8.54],[78.435,0]],"o":[[60.247,15.462],[-74.239,15.462],[-78.435,0],[-76.929,-8.54],[-60.247,-15.462],[74.238,-15.462],[78.435,0],[76.929,8.539]],"v":[[60.247,15.462],[-65.699,15.462],[-78.435,0],[-78.435,0],[-60.247,-15.462],[65.699,-15.462],[78.435,0],[78.435,0]],"c":true},"ix":2},"nm":"Path 1","mn":"ADBE Vector Shape - Group","hd":false,"_render":true},{"ty":"st","c":{"a":0,"k":[0,0,0,1],"ix":3},"o":{"a":0,"k":100,"ix":4},"w":{"a":0,"k":2.014,"ix":5},"lc":2,"lj":2,"bm":0,"nm":"Stroke 1","mn":"ADBE Vector Graphic - Stroke","hd":false,"_render":true},{"ty":"fl","c":{"a":0,"k":[0.5137254901960784,0.7647058823529411,0.24705882352941178,1],"ix":4},"o":{"a":0,"k":100,"ix":5},"r":1,"bm":0,"nm":"Fill 1","mn":"ADBE Vector Graphic - Fill","hd":false,"_render":true},{"ty":"tr","p":{"a":0,"k":[499.872,733.747],"ix":2},"a":{"a":0,"k":[-78.75,-0.5],"ix":1},"s":{"a":1,"k":[{"i":{"x":[0,0],"y":[1,1]},"o":{"x":[0.05,0.05],"y":[0,0]},"t":40,"s":[0,0],"__fnct":[null,null]},{"i":{"x":[0,0],"y":[1,1]},"o":{"x":[0.167,0.167],"y":[0,0]},"t":70,"s":[100,100],"__fnct":[null,null]},{"i":{"x":[0.95,0.95],"y":[1,1]},"o":{"x":[1,1],"y":[0,0]},"t":309,"s":[100,100]},{"t":339.000013807753,"s":[0,0]}],"ix":3},"r":{"a":0,"k":0,"ix":6},"o":{"a":0,"k":100,"ix":7},"sk":{"a":0,"k":0,"ix":4},"sa":{"a":0,"k":0,"ix":5},"nm":"Transform","_render":true}],"nm":"Group 3","np":3,"cix":2,"bm":0,"ix":3,"mn":"ADBE Vector Group","hd":false,"_render":true},{"ty":"gr","it":[{"ind":0,"ty":"sh","ix":1,"ks":{"a":0,"k":{"i":[[80.241,-7.531999999999999],[76.418,-13.737],[64.442,-17.326],[-62.331,-17.326],[-79.39699999999999,-10.245000000000001],[-80.937,-1.509],[-80.86200000000001,5.863],[-79.065,8.604],[-76.614,12.105],[-76.608,12.08],[-70.45700000000001,17.328],[60.595,17.328],[78.403,10.311]],"o":[[78.794,-10.503],[68.22800000000001,-17.429000000000002],[64.442,-17.326],[-71.066,-17.326],[-80.937,-1.509],[-81.615,2.339],[-79.061,8.605],[-79.065,8.604],[-76.614,12.105],[-74.28,15.294],[-65.79,17.328],[70.849,17.328],[82.167,-3.4909999999999997]],"v":[[79.663,-8.719],[71.805,-15.817],[64.442,-17.326],[-62.331,-17.326],[-80.937,-1.509],[-80.937,-1.509],[-79.061,8.605],[-79.065,8.604],[-76.614,12.105],[-76.608,12.08],[-65.79,17.328],[60.595,17.328],[80.554,2.423]],"c":true},"ix":2},"nm":"Path 1","mn":"ADBE Vector Shape - Group","hd":false,"_render":true},{"ty":"st","c":{"a":0,"k":[0,0,0,1],"ix":3},"o":{"a":0,"k":100,"ix":4},"w":{"a":0,"k":2.014,"ix":5},"lc":2,"lj":2,"bm":0,"nm":"Stroke 1","mn":"ADBE Vector Graphic - Stroke","hd":false,"_render":true},{"ty":"fl","c":{"a":0,"k":[0.8470588235294118,1,0.6823529411764706,1],"ix":4},"o":{"a":0,"k":100,"ix":5},"r":1,"bm":0,"nm":"Fill 1","mn":"ADBE Vector Graphic - Fill","hd":false,"_render":true},{"ty":"tr","p":{"a":0,"k":[499.012,736.222],"ix":2},"a":{"a":0,"k":[-81.25,0.5],"ix":1},"s":{"a":1,"k":[{"i":{"x":[0,0],"y":[1,1]},"o":{"x":[0.05,0.05],"y":[0,0]},"t":30,"s":[0,0],"__fnct":[null,null]},{"i":{"x":[0,0],"y":[1,1]},"o":{"x":[0.05,0.05],"y":[0,0]},"t":60,"s":[100,100],"__fnct":[null,null]},{"i":{"x":[0.95,0.95],"y":[1,1]},"o":{"x":[1,1],"y":[0,0]},"t":320,"s":[100,100]},{"t":350.000014255792,"s":[0,0]}],"ix":3},"r":{"a":0,"k":0,"ix":6},"o":{"a":0,"k":100,"ix":7},"sk":{"a":0,"k":0,"ix":4},"sa":{"a":0,"k":0,"ix":5},"nm":"Transform","_render":true}],"nm":"Group 4","np":3,"cix":2,"bm":0,"ix":4,"mn":"ADBE Vector Group","hd":false,"_render":true},{"ty":"tr","p":{"a":0,"k":[1109.406,864.617],"ix":2},"a":{"a":0,"k":[661.445,753.05],"ix":1},"s":{"a":0,"k":[178.852,178.852],"ix":3},"r":{"a":0,"k":0,"ix":6},"o":{"a":0,"k":100,"ix":7},"sk":{"a":0,"k":0,"ix":4},"sa":{"a":0,"k":0,"ix":5},"nm":"Transform","_render":true}],"nm":"Search Bar","np":4,"cix":2,"bm":0,"ix":2,"mn":"ADBE Vector Group","hd":false,"_render":true}],"ip":30.0000012219251,"op":360.000014663101,"st":30.0000012219251,"bm":0,"completed":true},{"ddd":0,"ind":8,"ty":4,"nm":"Speed Line 1","parent":10,"sr":1,"ks":{"o":{"a":0,"k":100,"ix":11},"r":{"a":0,"k":0,"ix":10},"p":{"a":0,"k":[794.156,488.267,0],"ix":2},"a":{"a":0,"k":[0,0,0],"ix":1},"s":{"a":0,"k":[113.636,113.636,100],"ix":6}},"ao":0,"shapes":[{"ty":"gr","it":[{"ind":0,"ty":"sh","ix":1,"ks":{"a":0,"k":{"i":[[-13.083,392],[-276.77,192.263],[206.576,-8],[-117.493,-264.798]],"o":[[-13.083,392],[-57.59599999999999,-87.44300000000001],[286.576,-280],[-13.492999999999995,-544.798]],"v":[[-13.083,392],[-167.487,52.798],[246.576,-144],[-65.493,-404.798]],"c":false},"ix":2},"nm":"Path 1","mn":"ADBE Vector Shape - Group","hd":false,"_render":true},{"ty":"st","c":{"a":0,"k":[1,1,1,1],"ix":3},"o":{"a":0,"k":100,"ix":4},"w":{"a":0,"k":0,"ix":5},"lc":2,"lj":2,"bm":0,"d":[{"n":"d","nm":"dash","v":{"a":0,"k":496,"ix":1}},{"n":"g","nm":"gap","v":{"a":0,"k":224,"ix":2}},{"n":"d","nm":"dash2","v":{"a":0,"k":292,"ix":3}},{"n":"g","nm":"gap2","v":{"a":0,"k":1995,"ix":4}},{"n":"o","nm":"offset","v":{"a":0,"k":-1536,"ix":7}}],"nm":"Stroke 1","mn":"ADBE Vector Graphic - Stroke","hd":false,"_render":true},{"ty":"tr","p":{"a":0,"k":[0,0],"ix":2},"a":{"a":0,"k":[0,0],"ix":1},"s":{"a":0,"k":[100,100],"ix":3},"r":{"a":0,"k":0,"ix":6},"o":{"a":0,"k":100,"ix":7},"sk":{"a":0,"k":0,"ix":4},"sa":{"a":0,"k":0,"ix":5},"nm":"Transform","_render":true}],"nm":"Shape 1","np":3,"cix":2,"bm":0,"ix":1,"mn":"ADBE Vector Group","hd":false,"_render":true}],"ip":0,"op":360.000014663101,"st":0,"bm":0,"completed":true},{"ddd":0,"ind":9,"ty":4,"nm":"Speed Line 2","parent":10,"sr":1,"ks":{"o":{"a":0,"k":100,"ix":11},"r":{"a":0,"k":-24,"ix":10},"p":{"a":0,"k":[794.156,479.267,0],"ix":2},"a":{"a":0,"k":[0,0,0],"ix":1},"s":{"a":0,"k":[113.636,113.636,100],"ix":6}},"ao":0,"shapes":[{"ty":"gr","it":[{"ind":0,"ty":"sh","ix":1,"ks":{"a":0,"k":{"i":[[-13.083,392],[-331.868,198.304],[190.793,150.493],[27.777000000000044,-219.07]],"o":[[-13.083,392],[-112.694,-81.40200000000002],[396.918,-143.773],[426.26300000000003,-382.707]],"v":[[-13.083,392],[-222.585,58.839],[307.663,-16.352],[288.112,-325.976]],"c":false},"ix":2},"nm":"Path 1","mn":"ADBE Vector Shape - Group","hd":false,"_render":true},{"ty":"st","c":{"a":0,"k":[1,1,1,1],"ix":3},"o":{"a":0,"k":100,"ix":4},"w":{"a":0,"k":10,"ix":5},"lc":2,"lj":2,"bm":0,"d":[{"n":"d","nm":"dash","v":{"a":0,"k":496,"ix":1}},{"n":"g","nm":"gap","v":{"a":0,"k":224,"ix":2}},{"n":"d","nm":"dash2","v":{"a":0,"k":292,"ix":3}},{"n":"g","nm":"gap2","v":{"a":0,"k":1995,"ix":4}},{"n":"o","nm":"offset","v":{"a":0,"k":-1536,"ix":7}}],"nm":"Stroke 1","mn":"ADBE Vector Graphic - Stroke","hd":false,"_render":true},{"ty":"tr","p":{"a":0,"k":[0,0],"ix":2},"a":{"a":0,"k":[0,0],"ix":1},"s":{"a":0,"k":[100,100],"ix":3},"r":{"a":0,"k":0,"ix":6},"o":{"a":0,"k":100,"ix":7},"sk":{"a":0,"k":0,"ix":4},"sa":{"a":0,"k":0,"ix":5},"nm":"Transform","_render":true}],"nm":"Shape 1","np":3,"cix":2,"bm":0,"ix":1,"mn":"ADBE Vector Group","hd":false,"_render":true}],"ip":0,"op":360.000014663101,"st":0,"bm":0,"completed":true},{"ddd":0,"ind":10,"ty":4,"nm":"Phone","sr":1,"ks":{"o":{"a":0,"k":100,"ix":11},"r":{"a":0,"k":0,"ix":10},"p":{"a":0,"k":[842.858,610.107,0],"ix":2},"a":{"a":0,"k":[842.858,612.707,0],"ix":1},"s":{"a":0,"k":[89.426,89.426,100],"ix":6}},"ao":0,"shapes":[{"ty":"gr","it":[{"ty":"gr","it":[{"ind":0,"ty":"sh","ix":1,"ks":{"a":0,"k":{"i":[[41.504000000000005,-0.7530000000000001],[41.313,0.323],[40.436,1.772],[-34.942,1.756],[-36.862,0.7690000000000001],[-36.671,-0.307],[-35.793,-1.756],[39.584,-1.741]],"o":[[41.313,0.323],[41.164,1.161],[39.584,1.772],[-36.035,1.756],[-36.671,-0.307],[-36.522,-1.145],[-34.942,-1.756],[40.67700000000001,-1.741]],"v":[[41.313,0.323],[41.313,0.323],[39.584,1.772],[-34.942,1.756],[-36.671,-0.307],[-36.671,-0.307],[-34.942,-1.756],[39.584,-1.741]],"c":true},"ix":2},"nm":"Path 1","mn":"ADBE Vector Shape - Group","hd":false,"_render":true},{"ty":"fl","c":{"a":0,"k":[0.8470588235294118,1,0.6823529411764706,1],"ix":4},"o":{"a":0,"k":100,"ix":5},"r":1,"bm":0,"nm":"Fill 1","mn":"ADBE Vector Graphic - Fill","hd":false,"_render":true},{"ty":"tr","p":{"a":0,"k":[469.082,670.403],"ix":2},"a":{"a":0,"k":[0,0],"ix":1},"s":{"a":0,"k":[100,100],"ix":3},"r":{"a":0,"k":0,"ix":6},"o":{"a":0,"k":100,"ix":7},"sk":{"a":0,"k":0,"ix":4},"sa":{"a":0,"k":0,"ix":5},"nm":"Transform","_render":true}],"nm":"Group 1","np":2,"cix":2,"bm":0,"ix":1,"mn":"ADBE Vector Group","hd":false,"_render":true},{"ty":"gr","it":[{"ind":0,"ty":"sh","ix":1,"ks":{"a":0,"k":{"i":[[65.687,-1.3699999999999999],[65.346,0.548],[63.781000000000006,3.13],[-62.264,3.13],[-65.687,1.3699999999999999],[-65.346,-0.548],[-63.781000000000006,-3.13],[62.264,-3.13]],"o":[[65.346,0.548],[65.081,2.042],[62.264,3.13],[-64.212,3.13],[-65.346,-0.548],[-65.08,-2.042],[-62.264,-3.13],[64.212,-3.13]],"v":[[65.346,0.548],[65.346,0.548],[62.264,3.13],[-62.264,3.13],[-65.346,-0.548],[-65.346,-0.548],[-62.264,-3.13],[62.264,-3.13]],"c":true},"ix":2},"nm":"Path 1","mn":"ADBE Vector Shape - Group","hd":false,"_render":true},{"ty":"st","c":{"a":0,"k":[0,0,0,1],"ix":3},"o":{"a":0,"k":100,"ix":4},"w":{"a":0,"k":1.652,"ix":5},"lc":1,"lj":1,"ml":10,"bm":0,"nm":"Stroke 1","mn":"ADBE Vector Graphic - Stroke","hd":false,"_render":true},{"ty":"fl","c":{"a":0,"k":[1,1,1,1],"ix":4},"o":{"a":0,"k":100,"ix":5},"r":1,"bm":0,"nm":"Fill 1","mn":"ADBE Vector Graphic - Fill","hd":false,"_render":true},{"ty":"tr","p":{"a":0,"k":[496.04,670.403],"ix":2},"a":{"a":0,"k":[0,0],"ix":1},"s":{"a":0,"k":[100,100],"ix":3},"r":{"a":0,"k":0,"ix":6},"o":{"a":0,"k":100,"ix":7},"sk":{"a":0,"k":0,"ix":4},"sa":{"a":0,"k":0,"ix":5},"nm":"Transform","_render":true}],"nm":"Group 2","np":3,"cix":2,"bm":0,"ix":2,"mn":"ADBE Vector Group","hd":false,"_render":true},{"ty":"tr","p":{"a":0,"k":[808.232,746.634],"ix":2},"a":{"a":0,"k":[496.04,670.403],"ix":1},"s":{"a":1,"k":[{"i":{"x":[0,0],"y":[1,1]},"o":{"x":[0.05,0.05],"y":[0,0]},"t":30,"s":[0,0],"__fnct":[null,null]},{"i":{"x":[0,0],"y":[1,1]},"o":{"x":[0.167,0.167],"y":[0,0]},"t":60,"s":[200,200],"__fnct":[null,null]},{"i":{"x":[0.95,0.95],"y":[1,1]},"o":{"x":[1,1],"y":[0,0]},"t":309,"s":[200,200]},{"t":339.000013807753,"s":[0,0]}],"ix":3},"r":{"a":0,"k":0,"ix":6},"o":{"a":0,"k":100,"ix":7},"sk":{"a":0,"k":0,"ix":4},"sa":{"a":0,"k":0,"ix":5},"nm":"Transform","_render":true}],"nm":"Loading Bar","np":2,"cix":2,"bm":0,"ix":1,"mn":"ADBE Vector Group","hd":false,"_render":true},{"ty":"gr","it":[{"ty":"gr","it":[{"ind":0,"ty":"sh","ix":1,"ks":{"a":0,"k":{"i":[[38.814,-9.677],[35.679,8.101],[33.754000000000005,11.284],[-34.697,11.284],[-38.906,9.122],[-35.868,-8.101],[-33.944,-11.284],[35.685,-11.284]],"o":[[38.505,-7.923],[35.354,9.942],[31.885,11.284],[-37.092000000000006,11.284],[-38.49,6.763],[-35.543,-9.942],[-32.075,-11.284],[37.466,-11.284]],"v":[[38.505,-7.923],[35.679,8.101],[31.885,11.284],[-34.697,11.284],[-38.49,6.763],[-35.868,-8.101],[-32.075,-11.284],[35.685,-11.284]],"c":true},"ix":2},"nm":"Path 1","mn":"ADBE Vector Shape - Group","hd":false,"_render":true},{"ty":"st","c":{"a":0,"k":[0,0,0,1],"ix":3},"o":{"a":0,"k":100,"ix":4},"w":{"a":0,"k":2.014,"ix":5},"lc":2,"lj":2,"bm":0,"nm":"Stroke 1","mn":"ADBE Vector Graphic - Stroke","hd":false,"_render":true},{"ty":"fl","c":{"a":0,"k":[0.8470588235294118,1,0.6823529411764706,1],"ix":4},"o":{"a":0,"k":100,"ix":5},"r":1,"bm":0,"nm":"Fill 1","mn":"ADBE Vector Graphic - Fill","hd":false,"_render":true},{"ty":"tr","p":{"a":0,"k":[486.486,694.679],"ix":2},"a":{"a":0,"k":[0,0],"ix":1},"s":{"a":0,"k":[100,100],"ix":3},"r":{"a":0,"k":0,"ix":6},"o":{"a":0,"k":100,"ix":7},"sk":{"a":0,"k":0,"ix":4},"sa":{"a":0,"k":0,"ix":5},"nm":"Transform","_render":true}],"nm":"Group 1","np":3,"cix":2,"bm":0,"ix":1,"mn":"ADBE Vector Group","hd":false,"_render":true},{"ty":"tr","p":{"a":0,"k":[789.125,795.186],"ix":2},"a":{"a":0,"k":[486.486,694.679],"ix":1},"s":{"a":1,"k":[{"i":{"x":[0,0],"y":[1,1]},"o":{"x":[0.05,0.05],"y":[0,0]},"t":30,"s":[0,0],"__fnct":[null,null]},{"i":{"x":[0,0],"y":[1,1]},"o":{"x":[0.167,0.167],"y":[0,0]},"t":60,"s":[200,200],"__fnct":[null,null]},{"i":{"x":[0.95,0.95],"y":[1,1]},"o":{"x":[1,1],"y":[0,0]},"t":309,"s":[200,200]},{"t":339.000013807753,"s":[0,0]}],"ix":3},"r":{"a":0,"k":0,"ix":6},"o":{"a":0,"k":100,"ix":7},"sk":{"a":0,"k":0,"ix":4},"sa":{"a":0,"k":0,"ix":5},"nm":"Transform","_render":true}],"nm":"Button","np":1,"cix":2,"bm":0,"ix":2,"mn":"ADBE Vector Group","hd":false,"_render":true},{"ty":"gr","it":[{"ty":"gr","it":[{"ty":"gr","it":[{"ind":0,"ty":"sh","ix":1,"ks":{"a":0,"k":{"i":[[3.216,-1.619],[1.1019999999999999,2.931],[-3.216,1.619],[-1.1019999999999999,-2.931]],"o":[[2.646,1.619],[-2.1350000000000002,2.931],[-2.646,-1.619],[2.136,-2.931]],"v":[[2.931,0],[-0.517,2.931],[-2.931,0],[0.517,-2.931]],"c":true},"ix":2},"nm":"Path 1","mn":"ADBE Vector Shape - Group","hd":false,"_render":true},{"ty":"st","c":{"a":0,"k":[0,0,0,1],"ix":3},"o":{"a":0,"k":100,"ix":4},"w":{"a":0,"k":1.652,"ix":5},"lc":1,"lj":1,"ml":10,"bm":0,"nm":"Stroke 1","mn":"ADBE Vector Graphic - Stroke","hd":false,"_render":true},{"ty":"fl","c":{"a":0,"k":[0.5137254901960784,0.7647058823529411,0.24705882352941178,1],"ix":4},"o":{"a":0,"k":100,"ix":5},"r":1,"bm":0,"nm":"Fill 1","mn":"ADBE Vector Graphic - Fill","hd":false,"_render":true},{"ty":"tr","p":{"a":0,"k":[568.588,422.245],"ix":2},"a":{"a":0,"k":[0,0],"ix":1},"s":{"a":0,"k":[100,100],"ix":3},"r":{"a":0,"k":0,"ix":6},"o":{"a":0,"k":100,"ix":7},"sk":{"a":0,"k":0,"ix":4},"sa":{"a":0,"k":0,"ix":5},"nm":"Transform","_render":true}],"nm":"Group 1","np":3,"cix":2,"bm":0,"ix":1,"mn":"ADBE Vector Group","hd":false,"_render":true},{"ty":"gr","it":[{"ind":0,"ty":"sh","ix":1,"ks":{"a":0,"k":{"i":[[22.455,2.931],[-21.87,2.931],[-24.569,1.619],[-24.284,0],[-22.455,-2.931],[21.87,-2.931],[24.569,-1.619],[24.284,0]],"o":[[20.836,2.931],[-23.489,2.931],[-24.284,0],[-23.999,-1.619],[-20.836,-2.931],[23.489,-2.931],[24.284,0],[23.997999999999998,1.619]],"v":[[20.836,2.931],[-21.87,2.931],[-24.284,0],[-24.284,0],[-20.836,-2.931],[21.87,-2.931],[24.284,0],[24.284,0]],"c":true},"ix":2},"nm":"Path 1","mn":"ADBE Vector Shape - Group","hd":false,"_render":true},{"ty":"st","c":{"a":0,"k":[0,0,0,1],"ix":3},"o":{"a":0,"k":100,"ix":4},"w":{"a":0,"k":1.652,"ix":5},"lc":1,"lj":1,"ml":10,"bm":0,"nm":"Stroke 1","mn":"ADBE Vector Graphic - Stroke","hd":false,"_render":true},{"ty":"fl","c":{"a":0,"k":[0.5137254901960784,0.7647058823529411,0.24705882352941178,1],"ix":4},"o":{"a":0,"k":100,"ix":5},"r":1,"bm":0,"nm":"Fill 1","mn":"ADBE Vector Graphic - Fill","hd":false,"_render":true},{"ty":"tr","p":{"a":0,"k":[536.781,422.245],"ix":2},"a":{"a":0,"k":[0,0],"ix":1},"s":{"a":0,"k":[100,100],"ix":3},"r":{"a":0,"k":0,"ix":6},"o":{"a":0,"k":100,"ix":7},"sk":{"a":0,"k":0,"ix":4},"sa":{"a":0,"k":0,"ix":5},"nm":"Transform","_render":true}],"nm":"Group 2","np":3,"cix":2,"bm":0,"ix":2,"mn":"ADBE Vector Group","hd":false,"_render":true},{"ty":"tr","p":{"a":0,"k":[898.137,250.317],"ix":2},"a":{"a":0,"k":[542.008,422.245],"ix":1},"s":{"a":1,"k":[{"i":{"x":[0,0],"y":[1,1]},"o":{"x":[0.05,0.05],"y":[0,0]},"t":30,"s":[0,0],"__fnct":[null,null]},{"i":{"x":[0,0],"y":[1,1]},"o":{"x":[0.167,0.167],"y":[0,0]},"t":60,"s":[200,200],"__fnct":[null,null]},{"i":{"x":[0.95,0.95],"y":[1,1]},"o":{"x":[1,1],"y":[0,0]},"t":309,"s":[200,200]},{"t":339.000013807753,"s":[0,0]}],"ix":3},"r":{"a":0,"k":0,"ix":6},"o":{"a":0,"k":100,"ix":7},"sk":{"a":0,"k":0,"ix":4},"sa":{"a":0,"k":0,"ix":5},"nm":"Transform","_render":true}],"nm":"Screen Top","np":2,"cix":2,"bm":0,"ix":1,"mn":"ADBE Vector Group","hd":false,"_render":true},{"ty":"gr","it":[{"ty":"gr","it":[{"ty":"gr","it":[{"ind":0,"ty":"sh","ix":1,"ks":{"a":0,"k":{"i":[[121.06,-170.699],[63.308,156.83],[47.303,182.478],[-97.384,182.478],[-121.007,170.995],[-63.319,-156.169],[-46.901,-182.478],[-21.921,-182.478],[-16.755,-180.668],[-14.275,-167.56],[-11.75,-163.451],[66.881,-163.451],[72.148,-165.095],[79.101,-177.943],[83.483,-182.478],[96.828,-182.478]],"o":[[118.498,-156.169],[60.81,170.995],[33.138,182.478],[-111.549,182.478],[-118.509,156.83],[-60.757000000000005,-170.699],[-32.371,-182.478],[-19.024,-182.478],[-16.24,-177.947],[-13.808,-165.093],[-9.123,-163.451],[69.51,-163.451],[73.484,-167.564],[80.574,-180.66600000000003],[86.381,-182.478],[111.358,-182.478]],"v":[[118.498,-156.169],[63.308,156.83],[33.138,182.478],[-97.384,182.478],[-118.509,156.83],[-63.319,-156.169],[-32.371,-182.478],[-21.921,-182.478],[-16.24,-177.947],[-14.275,-167.56],[-9.123,-163.451],[66.881,-163.451],[73.484,-167.564],[79.101,-177.943],[86.381,-182.478],[96.828,-182.478]],"c":true},"ix":2},"nm":"Path 1","mn":"ADBE Vector Shape - Group","hd":false,"_render":true},{"ty":"st","c":{"a":0,"k":[0,0,0,1],"ix":3},"o":{"a":0,"k":100,"ix":4},"w":{"a":0,"k":1.652,"ix":5},"lc":1,"lj":1,"ml":10,"bm":0,"nm":"Stroke 1","mn":"ADBE Vector Graphic - Stroke","hd":false,"_render":true},{"ty":"fl","c":{"a":0,"k":[0.5137254901960784,0.7647058823529411,0.24705882352941178,1],"ix":4},"o":{"a":0,"k":100,"ix":5},"r":1,"bm":0,"nm":"Fill 1","mn":"ADBE Vector Graphic - Fill","hd":false,"_render":true},{"ty":"tr","p":{"a":0,"k":[0,0],"ix":2},"a":{"a":0,"k":[0,0],"ix":1},"s":{"a":0,"k":[100,100],"ix":3},"r":{"a":0,"k":0,"ix":6},"o":{"a":0,"k":100,"ix":7},"sk":{"a":0,"k":0,"ix":4},"sa":{"a":0,"k":0,"ix":5},"nm":"Transform","_render":true}],"nm":"Group 1","np":3,"cix":2,"bm":0,"ix":1,"mn":"ADBE Vector Group","hd":false,"_render":true},{"ty":"tr","p":{"a":0,"k":[831.51,598.05],"ix":2},"a":{"a":0,"k":[0,0],"ix":1},"s":{"a":1,"k":[{"i":{"x":[0,0],"y":[1,1]},"o":{"x":[0.05,0.05],"y":[0,0]},"t":20,"s":[0,0],"__fnct":[null,null]},{"i":{"x":[0,0],"y":[1,1]},"o":{"x":[0.167,0.167],"y":[0,0]},"t":50,"s":[200,200],"__fnct":[null,null]},{"i":{"x":[0.95,0.95],"y":[1,1]},"o":{"x":[1,1],"y":[0,0]},"t":309,"s":[200,200]},{"t":339.000013807753,"s":[0,0]}],"ix":3},"r":{"a":0,"k":0,"ix":6},"o":{"a":0,"k":100,"ix":7},"sk":{"a":0,"k":0,"ix":4},"sa":{"a":0,"k":0,"ix":5},"nm":"Transform","_render":true}],"nm":"Screen","np":1,"cix":2,"bm":0,"ix":1,"mn":"ADBE Vector Group","hd":false,"_render":true},{"ty":"gr","it":[{"ty":"gr","it":[{"ty":"gr","it":[{"ind":0,"ty":"sh","ix":1,"ks":{"a":0,"k":{"i":[[50.139,187.706],[-99.523,187.706],[-127.55799999999999,174.079],[-69.133,-157.268],[-50.138000000000005,-187.706],[99.523,-187.706],[127.55799999999999,-174.079],[69.133,157.268]],"o":[[33.328,187.706],[-116.334,187.706],[-124.594,157.268],[-66.169,-174.079],[-33.328,-187.706],[116.334,-187.706],[124.594,-157.268],[66.169,174.079]],"v":[[33.328,187.706],[-99.523,187.706],[-124.594,157.268],[-69.133,-157.268],[-33.328,-187.706],[99.523,-187.706],[124.594,-157.268],[69.133,157.268]],"c":true},"ix":2},"nm":"Path 1","mn":"ADBE Vector Shape - Group","hd":false,"_render":true},{"ty":"st","c":{"a":0,"k":[0,0,0,1],"ix":3},"o":{"a":0,"k":100,"ix":4},"w":{"a":0,"k":2.014,"ix":5},"lc":2,"lj":2,"bm":0,"nm":"Stroke 1","mn":"ADBE Vector Graphic - Stroke","hd":false,"_render":true},{"ty":"fl","c":{"a":0,"k":[0.8470588235294118,1,0.6823529411764706,1],"ix":4},"o":{"a":0,"k":100,"ix":5},"r":1,"bm":0,"nm":"Fill 1","mn":"ADBE Vector Graphic - Fill","hd":false,"_render":true},{"ty":"tr","p":{"a":0,"k":[0,0],"ix":2},"a":{"a":0,"k":[0,0],"ix":1},"s":{"a":0,"k":[100,100],"ix":3},"r":{"a":0,"k":0,"ix":6},"o":{"a":0,"k":100,"ix":7},"sk":{"a":0,"k":0,"ix":4},"sa":{"a":0,"k":0,"ix":5},"nm":"Transform","_render":true}],"nm":"Group 1","np":3,"cix":2,"bm":0,"ix":1,"mn":"ADBE Vector Group","hd":false,"_render":true},{"ty":"tr","p":{"a":0,"k":[830.475,596.037],"ix":2},"a":{"a":0,"k":[0,0],"ix":1},"s":{"a":1,"k":[{"i":{"x":[0,0],"y":[1,1]},"o":{"x":[0.05,0.05],"y":[0,0]},"t":10,"s":[0,0],"__fnct":[null,null]},{"i":{"x":[0,0],"y":[1,1]},"o":{"x":[0.167,0.167],"y":[0,0]},"t":40,"s":[200,200],"__fnct":[null,null]},{"i":{"x":[0.95,0.95],"y":[1,1]},"o":{"x":[1,1],"y":[0,0]},"t":319,"s":[200,200]},{"t":349.000014215061,"s":[0,0]}],"ix":3},"r":{"a":0,"k":0,"ix":6},"o":{"a":0,"k":100,"ix":7},"sk":{"a":0,"k":0,"ix":4},"sa":{"a":0,"k":0,"ix":5},"nm":"Transform","_render":true}],"nm":"Top","np":1,"cix":2,"bm":0,"ix":1,"mn":"ADBE Vector Group","hd":false,"_render":true},{"ty":"gr","it":[{"ty":"gr","it":[{"ind":0,"ty":"sh","ix":1,"ks":{"a":0,"k":{"i":[[98.207,-196.081],[98.208,-196.077],[96.20200000000001,-196.232],[-39.238,-196.232],[-72.462,-182.446],[-131.57,152.77],[-131.814,163.815],[-127.338,196.51999999999998],[38.65,196.231],[71.875,182.44400000000002],[130.983,-152.772],[131.322,-155.113],[131.398,-156.258]],"o":[[98.207,-196.081],[97.215,-196.177],[95.165,-196.232],[-56.245000000000005,-196.232],[-75.461,-165.439],[-132.62699999999998,158.412],[-131.814,163.815],[-95.752,196.231],[55.657,196.231],[74.874,165.437],[131.191,-153.952],[131.395,-156.258],[137.87199999999999,-194.103]],"v":[[98.207,-196.081],[98.208,-196.077],[95.165,-196.232],[-39.238,-196.232],[-75.461,-165.439],[-131.57,152.77],[-131.814,163.815],[-95.752,196.231],[38.65,196.231],[74.874,165.437],[130.983,-152.772],[131.395,-156.258],[131.398,-156.258]],"c":true},"ix":2},"nm":"Path 1","mn":"ADBE Vector Shape - Group","hd":false,"_render":true},{"ty":"st","c":{"a":0,"k":[0,0,0,1],"ix":3},"o":{"a":0,"k":100,"ix":4},"w":{"a":0,"k":2.045,"ix":5},"lc":2,"lj":2,"bm":0,"nm":"Stroke 1","mn":"ADBE Vector Graphic - Stroke","hd":false,"_render":true},{"ty":"fl","c":{"a":0,"k":[0.5137254901960784,0.7647058823529411,0.24705882352941178,1],"ix":4},"o":{"a":0,"k":100,"ix":5},"r":1,"bm":0,"nm":"Fill 1","mn":"ADBE Vector Graphic - Fill","hd":false,"_render":true},{"ty":"tr","p":{"a":0,"k":[0,0],"ix":2},"a":{"a":0,"k":[0,0],"ix":1},"s":{"a":0,"k":[100,100],"ix":3},"r":{"a":0,"k":0,"ix":6},"o":{"a":0,"k":100,"ix":7},"sk":{"a":0,"k":0,"ix":4},"sa":{"a":0,"k":0,"ix":5},"nm":"Transform","_render":true}],"nm":"Group 1","np":3,"cix":2,"bm":0,"ix":1,"mn":"ADBE Vector Group","hd":false,"_render":true},{"ty":"tr","p":{"a":0,"k":[842.858,612.707],"ix":2},"a":{"a":0,"k":[0,0],"ix":1},"s":{"a":1,"k":[{"i":{"x":[0,0],"y":[1,1]},"o":{"x":[0.05,0.05],"y":[0,0]},"t":0,"s":[0,0],"__fnct":[null,null]},{"i":{"x":[0,0],"y":[1,1]},"o":{"x":[0.05,0.05],"y":[0,0]},"t":30,"s":[200,200],"__fnct":[null,null]},{"i":{"x":[0.95,0.95],"y":[1,1]},"o":{"x":[1,1],"y":[0,0]},"t":329,"s":[200,200]},{"t":359.00001462237,"s":[0,0]}],"ix":3},"r":{"a":0,"k":0,"ix":6},"o":{"a":0,"k":100,"ix":7},"sk":{"a":0,"k":0,"ix":4},"sa":{"a":0,"k":0,"ix":5},"nm":"Transform","_render":true}],"nm":"Bottom","np":1,"cix":2,"bm":0,"ix":2,"mn":"ADBE Vector Group","hd":false,"_render":true},{"ty":"tr","p":{"a":0,"k":[842.858,612.707],"ix":2},"a":{"a":0,"k":[842.858,612.707],"ix":1},"s":{"a":0,"k":[100,100],"ix":3},"r":{"a":0,"k":0,"ix":6},"o":{"a":0,"k":100,"ix":7},"sk":{"a":0,"k":0,"ix":4},"sa":{"a":0,"k":0,"ix":5},"nm":"Transform","_render":true}],"nm":"Body","np":2,"cix":2,"bm":0,"ix":2,"mn":"ADBE Vector Group","hd":false,"_render":true},{"ty":"tr","p":{"a":0,"k":[842.858,612.707],"ix":2},"a":{"a":0,"k":[842.858,612.707],"ix":1},"s":{"a":0,"k":[100,100],"ix":3},"r":{"a":0,"k":0,"ix":6},"o":{"a":0,"k":100,"ix":7},"sk":{"a":0,"k":0,"ix":4},"sa":{"a":0,"k":0,"ix":5},"nm":"Transform","_render":true}],"nm":"Phone","np":2,"cix":2,"bm":0,"ix":2,"mn":"ADBE Vector Group","hd":false,"_render":true},{"ty":"tr","p":{"a":0,"k":[762.858,1009.171],"ix":2},"a":{"a":0,"k":[762.858,1009.171],"ix":1},"s":{"a":0,"k":[100,100],"ix":3},"r":{"a":0,"k":0,"ix":6},"o":{"a":0,"k":100,"ix":7},"sk":{"a":0,"k":0,"ix":4},"sa":{"a":0,"k":0,"ix":5},"nm":"Transform","_render":true}],"nm":"Phone","np":2,"cix":2,"bm":0,"ix":3,"mn":"ADBE Vector Group","hd":false,"_render":true}],"ip":0,"op":360.000014663101,"st":0,"bm":0,"completed":true},{"ddd":0,"ind":11,"ty":4,"nm":"Graph","sr":1,"ks":{"o":{"a":0,"k":100,"ix":11},"r":{"a":0,"k":0,"ix":10},"p":{"a":1,"k":[{"i":{"x":0.75,"y":1},"o":{"x":0.25,"y":0},"t":90,"s":[563.709,526.253,0],"to":null,"ti":null},{"i":{"x":0.75,"y":1},"o":{"x":0.25,"y":0},"t":202,"s":[438.709,526.253,0],"to":null,"ti":null},{"t":270.000010997325,"s":[563.709,526.253,0]}],"ix":2},"a":{"a":0,"k":[563.709,526.253,0],"ix":1},"s":{"a":0,"k":[100,100,100],"ix":6}},"ao":0,"shapes":[{"ty":"gr","it":[{"ty":"gr","it":[{"ind":0,"ty":"sh","ix":1,"ks":{"a":0,"k":{"i":[[-38.288,-10.148],[-46.936,16.885],[-46.101000000000006,19.964],[36.968,19.964],[40.289,18.585],[46.984,-19.382],[39.4,-22.665],[14.577,5.777],[-2.482000000000001,-8.036],[-27.349,3.182]],"o":[[-42.617,-7.605],[-47.236,18.585],[-44.401,19.964],[38.668000000000006,19.964],[40.589,16.885],[46.984,-19.382],[20.406,-4.577],[-0.0030000000000001137,4.9750000000000005],[-21.278,-7.694],[-33.58,-2.644]],"v":[[-42.617,-7.605],[-46.936,16.885],[-44.401,19.964],[36.968,19.964],[40.589,16.885],[46.984,-19.382],[29.91,-13.628],[7.287,5.376],[-11.457,-7.873],[-31.443,-0.646]],"c":true},"ix":2},"nm":"Path 1","mn":"ADBE Vector Shape - Group","hd":false,"_render":true},{"ty":"st","c":{"a":0,"k":[0,0,0,1],"ix":3},"o":{"a":0,"k":100,"ix":4},"w":{"a":0,"k":2.014,"ix":5},"lc":2,"lj":2,"bm":0,"nm":"Stroke 1","mn":"ADBE Vector Graphic - Stroke","hd":false,"_render":true},{"ty":"fl","c":{"a":0,"k":[0.8470588235294118,1,0.6823529411764706,1],"ix":4},"o":{"a":0,"k":100,"ix":5},"r":1,"bm":0,"nm":"Fill 1","mn":"ADBE Vector Graphic - Fill","hd":false,"_render":true},{"ty":"tr","p":{"a":0,"k":[355.628,576.77],"ix":2},"a":{"a":0,"k":[0.559,19.569],"ix":1},"s":{"a":0,"k":[100,100],"ix":3},"r":{"a":0,"k":0,"ix":6},"o":{"a":0,"k":100,"ix":7},"sk":{"a":0,"k":0,"ix":4},"sa":{"a":0,"k":0,"ix":5},"nm":"Transform","_render":true}],"nm":"Group 1","np":3,"cix":2,"bm":0,"ix":1,"mn":"ADBE Vector Group","hd":false,"_render":true},{"ty":"tr","p":{"a":0,"k":[563.709,526.253],"ix":2},"a":{"a":0,"k":[354.987,556.554],"ix":1},"s":{"a":1,"k":[{"i":{"x":[0,0],"y":[1,1]},"o":{"x":[0.05,0.05],"y":[0,0]},"t":40,"s":[0,0],"__fnct":[null,null]},{"i":{"x":[0,0],"y":[1,1]},"o":{"x":[0.05,0.05],"y":[0,0]},"t":70,"s":[178.852,178.852],"__fnct":[null,null]},{"i":{"x":[0.95,0.95],"y":[1,1]},"o":{"x":[1,1],"y":[0,0]},"t":270,"s":[178.852,178.852]},{"t":300.00001221925,"s":[0,0]}],"ix":3},"r":{"a":0,"k":0,"ix":6},"o":{"a":0,"k":100,"ix":7},"sk":{"a":0,"k":0,"ix":4},"sa":{"a":0,"k":0,"ix":5},"nm":"Transform","_render":true}],"nm":"Graph","np":1,"cix":2,"bm":0,"ix":1,"mn":"ADBE Vector Group","hd":false,"_render":true},{"ty":"gr","it":[{"ty":"gr","it":[{"ind":0,"ty":"sh","ix":1,"ks":{"a":0,"k":{"i":[[42.491,29.978],[-47.899,29.978],[-56.51,25.792],[-48.325,-20.628],[-42.491,-29.978],[47.899,-29.978],[56.51,-25.792],[48.325,20.628]],"o":[[37.327,29.978],[-53.062,29.978],[-55.6,20.628],[-47.415000000000006,-25.792],[-37.327,-29.978],[53.063,-29.978],[55.6,-20.628],[47.415000000000006,25.792]],"v":[[37.327,29.978],[-47.899,29.978],[-55.6,20.628],[-48.325,-20.628],[-37.327,-29.978],[47.899,-29.978],[55.6,-20.628],[48.325,20.628]],"c":true},"ix":2},"nm":"Path 1","mn":"ADBE Vector Shape - Group","hd":false,"_render":true},{"ty":"st","c":{"a":0,"k":[0,0,0,1],"ix":3},"o":{"a":0,"k":100,"ix":4},"w":{"a":0,"k":1.652,"ix":5},"lc":1,"lj":1,"ml":10,"bm":0,"nm":"Stroke 1","mn":"ADBE Vector Graphic - Stroke","hd":false,"_render":true},{"ty":"fl","c":{"a":0,"k":[0.5137254901960784,0.7647058823529411,0.24705882352941178,1],"ix":4},"o":{"a":0,"k":100,"ix":5},"r":1,"bm":0,"nm":"Fill 1","mn":"ADBE Vector Graphic - Fill","hd":false,"_render":true},{"ty":"tr","p":{"a":0,"k":[354.987,556.554],"ix":2},"a":{"a":0,"k":[0,0],"ix":1},"s":{"a":0,"k":[100,100],"ix":3},"r":{"a":0,"k":0,"ix":6},"o":{"a":0,"k":100,"ix":7},"sk":{"a":0,"k":0,"ix":4},"sa":{"a":0,"k":0,"ix":5},"nm":"Transform","_render":true}],"nm":"Group 2","np":3,"cix":2,"bm":0,"ix":1,"mn":"ADBE Vector Group","hd":false,"_render":true},{"ty":"tr","p":{"a":0,"k":[563.709,526.253],"ix":2},"a":{"a":0,"k":[354.987,556.554],"ix":1},"s":{"a":1,"k":[{"i":{"x":[0,0],"y":[1,1]},"o":{"x":[0.05,0.05],"y":[0,0]},"t":30,"s":[0,0],"__fnct":[null,null]},{"i":{"x":[0,0],"y":[1,1]},"o":{"x":[0.05,0.05],"y":[0,0]},"t":60,"s":[178.852,178.852],"__fnct":[null,null]},{"i":{"x":[0.95,0.95],"y":[1,1]},"o":{"x":[1,1],"y":[0,0]},"t":280,"s":[178.852,178.852]},{"t":310.000012626559,"s":[0,0]}],"ix":3},"r":{"a":0,"k":0,"ix":6},"o":{"a":0,"k":100,"ix":7},"sk":{"a":0,"k":0,"ix":4},"sa":{"a":0,"k":0,"ix":5},"nm":"Transform","_render":true}],"nm":"Graph","np":1,"cix":2,"bm":0,"ix":2,"mn":"ADBE Vector Group","hd":false,"_render":true}],"ip":30.0000012219251,"op":360.000014663101,"st":30.0000012219251,"bm":0,"completed":true},{"ddd":0,"ind":12,"ty":4,"nm":"Ellipse Shadow","sr":1,"ks":{"o":{"a":1,"k":[{"i":{"x":[0],"y":[1]},"o":{"x":[0.05],"y":[0]},"t":15,"s":[0],"__fnct":[null]},{"i":{"x":[0.95],"y":[1]},"o":{"x":[0.05],"y":[0]},"t":45,"s":[100],"__fnct":[null]},{"i":{"x":[0.95],"y":[1]},"o":{"x":[1],"y":[0]},"t":315,"s":[100]},{"t":345.000014052138,"s":[0]}],"ix":11},"r":{"a":0,"k":0,"ix":10},"p":{"a":1,"k":[{"i":{"x":0,"y":1},"o":{"x":0.05,"y":0},"t":0,"s":[800,694.129,0],"to":null,"ti":null},{"i":{"x":0,"y":0},"o":{"x":0.05,"y":0.05},"t":45,"s":[800,1050.129,0],"to":null,"ti":null},{"i":{"x":0.95,"y":1},"o":{"x":1,"y":0},"t":315,"s":[800,1050.129,0],"to":null,"ti":null},{"t":360.000014663101,"s":[800,694.129,0]}],"ix":2},"a":{"a":0,"k":[-12.52,285.133,0],"ix":1},"s":{"a":1,"k":[{"i":{"x":[0,0,0],"y":[1,1,1]},"o":{"x":[0.05,0.05,0.05],"y":[0,0,0]},"t":0,"s":[0,0,100],"__fnct":[null,null,null]},{"i":{"x":[0,0,0],"y":[1,1,1]},"o":{"x":[0.05,0.05,0.05],"y":[0,0,0]},"t":45,"s":[191.063,137.82,100],"__fnct":[null,null,null]},{"i":{"x":[0.95,0.95,0.95],"y":[1,1,1]},"o":{"x":[1,1,1],"y":[0,0,0]},"t":315,"s":[191.063,137.82,100]},{"t":360.000014663101,"s":[0,0,100]}],"ix":6}},"ao":0,"shapes":[{"ty":"gr","it":[{"d":1,"ty":"el","s":{"a":0,"k":[337.55,46.814],"ix":2},"p":{"a":0,"k":[0.176,-2.997],"ix":3},"nm":"Ellipse Path 1","mn":"ADBE Vector Shape - Ellipse","hd":false,"_render":true},{"ty":"fl","c":{"a":0,"k":[0,0,0,1],"ix":4},"o":{"a":0,"k":100,"ix":5},"r":1,"bm":0,"nm":"Fill 1","mn":"ADBE Vector Graphic - Fill","hd":false,"_render":true},{"ty":"tr","p":{"a":0,"k":[-12.52,285.133],"ix":2},"a":{"a":0,"k":[0,0],"ix":1},"s":{"a":0,"k":[100,100],"ix":3},"r":{"a":0,"k":0,"ix":6},"o":{"a":0,"k":100,"ix":7},"sk":{"a":0,"k":0,"ix":4},"sa":{"a":0,"k":0,"ix":5},"nm":"Transform","_render":true}],"nm":"Ellipse 1","np":3,"cix":2,"bm":0,"ix":1,"mn":"ADBE Vector Group","hd":false,"_render":true}],"ip":0,"op":360.000014663101,"st":0,"bm":0,"completed":true}],"markers":[{"tm":0,"cm":"Loading","dr":0},{"tm":90.0000036657751,"cm":"Idle Start","dr":0},{"tm":270.000010997325,"cm":"Idle End","dr":0},{"tm":360.000014663101,"cm":"Unloaded","dr":0},{"tm":389.000015844295,"cm":"Reload Gap","dr":0}],"__complete":true}